SrcEntity	TgtEntity	Score
http://www.fbk.eu/ontologies/virtualcoach#FOOD-0019	http://purl.obolibrary.org/obo/FOODON_03316428	1.0
http://www.fbk.eu/ontologies/virtualcoach#Glycine	http://purl.obolibrary.org/obo/CHEBI_15428	1.0
http://www.fbk.eu/ontologies/virtualcoach#FOOD-412	http://purl.obolibrary.org/obo/FOODON_03307119	1.0
http://www.fbk.eu/ontologies/virtualcoach#FOOD-1718	http://purl.obolibrary.org/obo/FOODON_03303578	1.0
http://www.fbk.eu/ontologies/virtualcoach#FOOD-1043	http://purl.obolibrary.org/obo/FOODON_00003148	1.0
http://www.fbk.eu/ontologies/virtualcoach#FOOD-2005	http://purl.obolibrary.org/obo/FOODON_03303588	1.0
http://www.fbk.eu/ontologies/virtualcoach#FOOD-411	http://purl.obolibrary.org/obo/FOODON_03301722	1.0
http://www.fbk.eu/ontologies/virtualcoach#Threonine	http://purl.obolibrary.org/obo/CHEBI_26986	1.0
http://www.fbk.eu/ontologies/virtualcoach#FOOD-1713	http://purl.obolibrary.org/obo/FOODON_03303502	1.0
http://www.fbk.eu/ontologies/virtualcoach#FOOD-8026	http://purl.obolibrary.org/obo/FOODON_03311343	1.0
http://www.fbk.eu/ontologies/virtualcoach#Mushrooms	http://purl.obolibrary.org/obo/FOODON_03301303	1.0
http://www.fbk.eu/ontologies/virtualcoach#FOOD-1314	http://purl.obolibrary.org/obo/FOODON_03411224	1.0
http://www.fbk.eu/ontologies/virtualcoach#FOOD-15	http://purl.obolibrary.org/obo/FOODON_03307541	1.0
http://www.fbk.eu/ontologies/virtualcoach#FOOD-73	http://purl.obolibrary.org/obo/FOODON_03302549	1.0
http://www.fbk.eu/ontologies/virtualcoach#FOOD-1726	http://purl.obolibrary.org/obo/FOODON_00003247	1.0
http://www.fbk.eu/ontologies/virtualcoach#VitaminB12	http://purl.obolibrary.org/obo/FOODON_03413761	1.0
http://www.fbk.eu/ontologies/virtualcoach#Lactose	http://purl.obolibrary.org/obo/CHEBI_17716	1.0
http://www.fbk.eu/ontologies/virtualcoach#FOOD-1324	http://purl.obolibrary.org/obo/FOODON_03411906	1.0
http://www.fbk.eu/ontologies/virtualcoach#FOOD-052	http://purl.obolibrary.org/obo/FOODON_00003252	1.0
http://www.fbk.eu/ontologies/virtualcoach#FOOD-1513	http://purl.obolibrary.org/obo/FOODON_03316424	1.0
http://www.fbk.eu/ontologies/virtualcoach#FolicAcid	http://purl.obolibrary.org/obo/CHEBI_37445	1.0
http://www.fbk.eu/ontologies/virtualcoach#FOOD-900505	http://purl.obolibrary.org/obo/FOODON_00002892	1.0
http://www.fbk.eu/ontologies/virtualcoach#FOOD-888015	http://purl.obolibrary.org/obo/FOODON_03310571	1.0
http://www.fbk.eu/ontologies/virtualcoach#FOOD-602004	http://purl.obolibrary.org/obo/FOODON_03411950	1.0
http://www.fbk.eu/ontologies/virtualcoach#FOOD-900503	http://purl.obolibrary.org/obo/FOODON_03305617	1.0
http://www.fbk.eu/ontologies/virtualcoach#FOOD-312	http://purl.obolibrary.org/obo/FOODON_03301570	1.0
http://www.fbk.eu/ontologies/virtualcoach#FOOD-1311	http://purl.obolibrary.org/obo/FOODON_03411293	1.0
http://www.fbk.eu/ontologies/virtualcoach#FOOD-334	http://purl.obolibrary.org/obo/FOODON_03309709	1.0
http://www.fbk.eu/ontologies/virtualcoach#FOOD-401	http://purl.obolibrary.org/obo/FOODON_03301701	1.0
http://www.fbk.eu/ontologies/virtualcoach#VitaminB6	http://purl.obolibrary.org/obo/CHEBI_27306	1.0
http://www.fbk.eu/ontologies/virtualcoach#FOOD-309	http://purl.obolibrary.org/obo/FOODON_03301713	1.0
http://www.fbk.eu/ontologies/virtualcoach#FOOD-1800	http://purl.obolibrary.org/obo/FOODON_03316061	1.0
http://www.fbk.eu/ontologies/virtualcoach#FOOD-333	http://purl.obolibrary.org/obo/FOODON_00002687	1.0
http://www.fbk.eu/ontologies/virtualcoach#FOOD-19032	http://purl.obolibrary.org/obo/FOODON_03305848	1.0
http://www.fbk.eu/ontologies/virtualcoach#VinegarDressing	http://purl.obolibrary.org/obo/FOODON_03301705	1.0
http://www.fbk.eu/ontologies/virtualcoach#LinolenicAcid	http://purl.obolibrary.org/obo/CHEBI_25048	1.0
http://www.fbk.eu/ontologies/virtualcoach#FOOD-700418	http://purl.obolibrary.org/obo/FOODON_03411335	1.0
http://www.fbk.eu/ontologies/virtualcoach#FOOD-420	http://purl.obolibrary.org/obo/FOODON_03302976	1.0
http://www.fbk.eu/ontologies/virtualcoach#Beverages	http://purl.obolibrary.org/obo/FOODON_00003202	1.0
http://www.fbk.eu/ontologies/virtualcoach#Aminoacid	http://purl.obolibrary.org/obo/CHEBI_33709	1.0
http://www.fbk.eu/ontologies/virtualcoach#Lunch	http://purl.obolibrary.org/obo/NCIT_C80250	1.0
http://www.fbk.eu/ontologies/virtualcoach#FOOD-805941	http://purl.obolibrary.org/obo/FOODON_03305781	1.0
http://www.fbk.eu/ontologies/virtualcoach#FOOD-318	http://purl.obolibrary.org/obo/FOODON_03301545	1.0
http://www.fbk.eu/ontologies/virtualcoach#FOOD-666011	http://purl.obolibrary.org/obo/FOODON_03400274	1.0
http://www.fbk.eu/ontologies/virtualcoach#FOOD-60089	http://purl.obolibrary.org/obo/FOODON_03304555	1.0
http://www.fbk.eu/ontologies/virtualcoach#Leucine_6000	http://purl.obolibrary.org/obo/CHEBI_25017	1.0
http://www.fbk.eu/ontologies/virtualcoach#FOOD-1702	http://purl.obolibrary.org/obo/FOODON_03315068	1.0
http://www.fbk.eu/ontologies/virtualcoach#FOOD-9039	http://purl.obolibrary.org/obo/FOODON_03301386	1.0
http://www.fbk.eu/ontologies/virtualcoach#FOOD-805958	http://purl.obolibrary.org/obo/FOODON_03420156	1.0
http://www.fbk.eu/ontologies/virtualcoach#FOOD-19021	http://purl.obolibrary.org/obo/FOODON_00001823	1.0
http://www.fbk.eu/ontologies/virtualcoach#RoastedNuts	http://purl.obolibrary.org/obo/FOODON_03305829	1.0
http://www.fbk.eu/ontologies/virtualcoach#FOOD-888003	http://purl.obolibrary.org/obo/FOODON_00003024	1.0
http://www.fbk.eu/ontologies/virtualcoach#FOOD-666009	http://purl.obolibrary.org/obo/FOODON_03302414	1.0
http://www.fbk.eu/ontologies/virtualcoach#FOOD-8685	http://purl.obolibrary.org/obo/FOODON_00002716	1.0
http://www.fbk.eu/ontologies/virtualcoach#FOOD-422	http://purl.obolibrary.org/obo/FOODON_03307244	1.0
http://www.fbk.eu/ontologies/virtualcoach#FOOD-100004	http://purl.obolibrary.org/obo/FOODON_00001265	1.0
http://www.fbk.eu/ontologies/virtualcoach#FOOD-066	http://purl.obolibrary.org/obo/FOODON_03308312	1.0
http://www.fbk.eu/ontologies/virtualcoach#FOOD-888001	http://purl.obolibrary.org/obo/FOODON_03302655	1.0
http://www.fbk.eu/ontologies/virtualcoach#FOOD-900606	http://purl.obolibrary.org/obo/FOODON_03301146	1.0
http://www.fbk.eu/ontologies/virtualcoach#FOOD-505	http://purl.obolibrary.org/obo/FOODON_03310752	1.0
http://www.fbk.eu/ontologies/virtualcoach#FOOD-1208	http://purl.obolibrary.org/obo/FOODON_03310590	1.0
http://www.fbk.eu/ontologies/virtualcoach#FOOD-906	http://purl.obolibrary.org/obo/FOODON_03310357	1.0
http://www.fbk.eu/ontologies/virtualcoach#FOOD-1622	http://purl.obolibrary.org/obo/FOODON_03310016	1.0
http://www.fbk.eu/ontologies/virtualcoach#FOOD-1155	http://purl.obolibrary.org/obo/FOODON_03311682	1.0
http://www.fbk.eu/ontologies/virtualcoach#FOOD-1101	http://purl.obolibrary.org/obo/FOODON_03305825	1.0
http://www.fbk.eu/ontologies/virtualcoach#FOOD-100051	http://purl.obolibrary.org/obo/FOODON_00002805	1.0
http://www.fbk.eu/ontologies/virtualcoach#FOOD-1600	http://purl.obolibrary.org/obo/FOODON_03305803	1.0
http://www.fbk.eu/ontologies/virtualcoach#FOOD-100243	http://purl.obolibrary.org/obo/FOODON_03317658	1.0
http://www.fbk.eu/ontologies/virtualcoach#CannedMeat	http://purl.obolibrary.org/obo/FOODON_03306545	1.0
http://www.fbk.eu/ontologies/virtualcoach#FOOD-9029	http://purl.obolibrary.org/obo/FOODON_03312068	1.0
http://www.fbk.eu/ontologies/virtualcoach#FOOD-100187	http://purl.obolibrary.org/obo/FOODON_03316385	1.0
http://www.fbk.eu/ontologies/virtualcoach#FOOD-1504	http://purl.obolibrary.org/obo/FOODON_03307132	1.0
http://www.fbk.eu/ontologies/virtualcoach#Arginine_5200	http://purl.obolibrary.org/obo/CHEBI_29016	1.0
http://www.fbk.eu/ontologies/virtualcoach#Arginine_9800	http://purl.obolibrary.org/obo/CHEBI_29016	1.0
http://www.fbk.eu/ontologies/virtualcoach#FOOD-9061	http://purl.obolibrary.org/obo/FOODON_03306818	1.0
http://www.fbk.eu/ontologies/virtualcoach#FOOD-700082	http://purl.obolibrary.org/obo/FOODON_03315784	1.0
http://www.fbk.eu/ontologies/virtualcoach#FOOD-1717	http://purl.obolibrary.org/obo/FOODON_00003255	1.0
http://www.fbk.eu/ontologies/virtualcoach#FOOD-590	http://purl.obolibrary.org/obo/FOODON_03301269	1.0
http://www.fbk.eu/ontologies/virtualcoach#FOOD-1205	http://purl.obolibrary.org/obo/FOODON_03310938	1.0
http://www.fbk.eu/ontologies/virtualcoach#FOOD-100176	http://purl.obolibrary.org/obo/FOODON_03301962	1.0
http://www.fbk.eu/ontologies/virtualcoach#PowderedMilk	http://purl.obolibrary.org/obo/FOODON_00002174	1.0
http://www.fbk.eu/ontologies/virtualcoach#ProcessedVegetables	http://purl.obolibrary.org/obo/FOODON_03315084	1.0
http://www.fbk.eu/ontologies/virtualcoach#CandiedFruits	http://purl.obolibrary.org/obo/FOODON_03305040	1.0
http://www.fbk.eu/ontologies/virtualcoach#FOOD-19021	http://purl.obolibrary.org/obo/FOODON_03316844	1.0
http://www.fbk.eu/ontologies/virtualcoach#FOOD-19065	http://purl.obolibrary.org/obo/FOODON_03302180	1.0
http://www.fbk.eu/ontologies/virtualcoach#FOOD-100188	http://purl.obolibrary.org/obo/FOODON_03305040	1.0
http://www.fbk.eu/ontologies/virtualcoach#FOOD-100139	http://purl.obolibrary.org/obo/FOODON_03303421	1.0
http://www.fbk.eu/ontologies/virtualcoach#FOOD-023	http://purl.obolibrary.org/obo/FOODON_00002472	1.0
http://www.fbk.eu/ontologies/virtualcoach#FOOD-8669	http://purl.obolibrary.org/obo/FOODON_03307325	1.0
http://www.fbk.eu/ontologies/virtualcoach#RedMeat	http://purl.obolibrary.org/obo/FOODON_03301297	1.0
http://www.fbk.eu/ontologies/virtualcoach#FOOD-1620	http://purl.obolibrary.org/obo/FOODON_03306002	1.0
http://www.fbk.eu/ontologies/virtualcoach#FOOD-100196	http://purl.obolibrary.org/obo/FOODON_03301859	1.0
http://www.fbk.eu/ontologies/virtualcoach#FOOD-9026	http://purl.obolibrary.org/obo/FOODON_03309974	1.0
http://www.fbk.eu/ontologies/virtualcoach#FOOD-0008	http://purl.obolibrary.org/obo/FOODON_03301449	1.0
http://www.fbk.eu/ontologies/virtualcoach#FOOD-702404	http://purl.obolibrary.org/obo/FOODON_03303116	1.0
http://www.fbk.eu/ontologies/virtualcoach#FreshFruits	http://purl.obolibrary.org/obo/FOODON_00002472	1.0
http://www.fbk.eu/ontologies/virtualcoach#FreshFish	http://purl.obolibrary.org/obo/FOODON_03315446	1.0
http://www.fbk.eu/ontologies/virtualcoach#FOOD-1512	http://purl.obolibrary.org/obo/FOODON_03309036	1.0
http://www.fbk.eu/ontologies/virtualcoach#FOOD-100178	http://purl.obolibrary.org/obo/FOODON_03301147	1.0
http://www.fbk.eu/ontologies/virtualcoach#FOOD-700178	http://purl.obolibrary.org/obo/FOODON_03316171	1.0
http://www.fbk.eu/ontologies/virtualcoach#FOOD-700405	http://purl.obolibrary.org/obo/FOODON_03309631	1.0
http://www.fbk.eu/ontologies/virtualcoach#FOOD-100183	http://purl.obolibrary.org/obo/FOODON_00003135	1.0
http://www.fbk.eu/ontologies/virtualcoach#Rice	http://purl.obolibrary.org/obo/FOODON_03301641	1.0
http://www.fbk.eu/ontologies/virtualcoach#FOOD-342	http://purl.obolibrary.org/obo/FOODON_03304656	1.0
http://www.fbk.eu/ontologies/virtualcoach#FOOD-307	http://purl.obolibrary.org/obo/FOODON_03306698	1.0
http://www.fbk.eu/ontologies/virtualcoach#Phenylalanine	http://purl.obolibrary.org/obo/CHEBI_28044	1.0
http://www.fbk.eu/ontologies/virtualcoach#FOOD-322	http://purl.obolibrary.org/obo/FOODON_03301704	1.0
http://www.fbk.eu/ontologies/virtualcoach#FOOD-30039	http://purl.obolibrary.org/obo/FOODON_03304608	1.0
http://www.fbk.eu/ontologies/virtualcoach#FOOD-8019	http://purl.obolibrary.org/obo/FOODON_00003043	1.0
http://www.fbk.eu/ontologies/virtualcoach#FOOD-14	http://purl.obolibrary.org/obo/FOODON_03309657	1.0
http://www.fbk.eu/ontologies/virtualcoach#FOOD-60088	http://purl.obolibrary.org/obo/FOODON_03302360	1.0
http://www.fbk.eu/ontologies/virtualcoach#FOOD-71787	http://purl.obolibrary.org/obo/FOODON_03303508	1.0
http://www.fbk.eu/ontologies/virtualcoach#FOOD-74	http://purl.obolibrary.org/obo/FOODON_03301595	1.0
http://www.fbk.eu/ontologies/virtualcoach#FOOD-015	http://purl.obolibrary.org/obo/FOODON_03304911	1.0
http://www.fbk.eu/ontologies/virtualcoach#FOOD-317	http://purl.obolibrary.org/obo/FOODON_00002922	1.0
http://www.fbk.eu/ontologies/virtualcoach#FOOD-602073	http://purl.obolibrary.org/obo/FOODON_03414639	1.0
http://www.fbk.eu/ontologies/virtualcoach#FOOD-427	http://purl.obolibrary.org/obo/FOODON_03301580	1.0
http://www.fbk.eu/ontologies/virtualcoach#Cystine	http://purl.obolibrary.org/obo/CHEBI_17376	1.0
http://www.fbk.eu/ontologies/virtualcoach#FOOD-18	http://purl.obolibrary.org/obo/FOODON_03307663	1.0
http://www.fbk.eu/ontologies/virtualcoach#FOOD-8058	http://purl.obolibrary.org/obo/FOODON_03310760	1.0
http://www.fbk.eu/ontologies/virtualcoach#FOOD-60092	http://purl.obolibrary.org/obo/FOODON_03302651	1.0
http://www.fbk.eu/ontologies/virtualcoach#FOOD-100	http://purl.obolibrary.org/obo/FOODON_00002753	1.0
http://www.fbk.eu/ontologies/virtualcoach#WhiteBread	http://purl.obolibrary.org/obo/FOODON_03301055	1.0
http://www.fbk.eu/ontologies/virtualcoach#FOOD-77	http://purl.obolibrary.org/obo/FOODON_00003000	1.0
http://www.fbk.eu/ontologies/virtualcoach#FOOD-070	http://purl.obolibrary.org/obo/FOODON_03315272	1.0
http://www.fbk.eu/ontologies/virtualcoach#FOOD-1710	http://purl.obolibrary.org/obo/FOODON_03310415	1.0
http://www.fbk.eu/ontologies/virtualcoach#FOOD-100097	http://purl.obolibrary.org/obo/FOODON_03308676	1.0
http://www.fbk.eu/ontologies/virtualcoach#FOOD-100217	http://purl.obolibrary.org/obo/FOODON_03301528	1.0
http://www.fbk.eu/ontologies/virtualcoach#FOOD-8030	http://purl.obolibrary.org/obo/FOODON_00002757	1.0
http://www.fbk.eu/ontologies/virtualcoach#FOOD-19007	http://purl.obolibrary.org/obo/FOODON_03304422	1.0
http://www.fbk.eu/ontologies/virtualcoach#FOOD-888003	http://purl.obolibrary.org/obo/FOODON_03311872	1.0
http://www.fbk.eu/ontologies/virtualcoach#FOOD-1505	http://purl.obolibrary.org/obo/FOODON_03306691	1.0
http://www.fbk.eu/ontologies/virtualcoach#FOOD-9600	http://purl.obolibrary.org/obo/FOODON_03310114	1.0
http://www.fbk.eu/ontologies/virtualcoach#FOOD-805678	http://purl.obolibrary.org/obo/FOODON_03306350	1.0
http://www.fbk.eu/ontologies/virtualcoach#FOOD-800188	http://purl.obolibrary.org/obo/FOODON_03304420	1.0
http://www.fbk.eu/ontologies/virtualcoach#FOOD-1706	http://purl.obolibrary.org/obo/FOODON_03302458	1.0
http://www.fbk.eu/ontologies/virtualcoach#FOOD-8010	http://purl.obolibrary.org/obo/FOODON_03301201	1.0
http://www.fbk.eu/ontologies/virtualcoach#FOOD-8004	http://purl.obolibrary.org/obo/FOODON_03301173	1.0
http://www.fbk.eu/ontologies/virtualcoach#FOOD-999964	http://purl.obolibrary.org/obo/FOODON_03317003	1.0
http://www.fbk.eu/ontologies/virtualcoach#FOOD-3014	http://purl.obolibrary.org/obo/FOODON_03304945	1.0
http://www.fbk.eu/ontologies/virtualcoach#FOOD-2001	http://purl.obolibrary.org/obo/FOODON_03305040	1.0
http://www.fbk.eu/ontologies/virtualcoach#FOOD-1633	http://purl.obolibrary.org/obo/FOODON_03307443	1.0
http://www.fbk.eu/ontologies/virtualcoach#FOOD-5	http://purl.obolibrary.org/obo/FOODON_03304560	1.0
http://www.fbk.eu/ontologies/virtualcoach#FOOD-805951	http://purl.obolibrary.org/obo/FOODON_03316417	1.0
http://www.fbk.eu/ontologies/virtualcoach#Cereals	http://purl.obolibrary.org/obo/FOODON_03316213	1.0
http://www.fbk.eu/ontologies/virtualcoach#FOOD-700407	http://purl.obolibrary.org/obo/FOODON_03301805	1.0
http://www.fbk.eu/ontologies/virtualcoach#FOOD-504	http://purl.obolibrary.org/obo/FOODON_03301873	1.0
http://www.fbk.eu/ontologies/virtualcoach#FOOD-4	http://purl.obolibrary.org/obo/FOODON_03306062	1.0
http://www.fbk.eu/ontologies/virtualcoach#FOOD-1502	http://purl.obolibrary.org/obo/FOODON_03317246	1.0
http://www.fbk.eu/ontologies/virtualcoach#FOOD-100004	http://purl.obolibrary.org/obo/FOODON_03310271	1.0
http://www.fbk.eu/ontologies/virtualcoach#FOOD-700484	http://purl.obolibrary.org/obo/FOODON_03301371	1.0
http://www.fbk.eu/ontologies/virtualcoach#FOOD-666011	http://purl.obolibrary.org/obo/FOODON_03316943	1.0
http://www.fbk.eu/ontologies/virtualcoach#FOOD-805249	http://purl.obolibrary.org/obo/FOODON_03315769	1.0
http://www.fbk.eu/ontologies/virtualcoach#FOOD-700483	http://purl.obolibrary.org/obo/FOODON_03307712	1.0
http://www.fbk.eu/ontologies/virtualcoach#FOOD-8729	http://purl.obolibrary.org/obo/FOODON_03308073	1.0
http://www.fbk.eu/ontologies/virtualcoach#FOOD-8063	http://purl.obolibrary.org/obo/FOODON_03302113	1.0
http://www.fbk.eu/ontologies/virtualcoach#FOOD-1209	http://purl.obolibrary.org/obo/FOODON_03304093	1.0
http://www.fbk.eu/ontologies/virtualcoach#FOOD-700105	http://purl.obolibrary.org/obo/FOODON_03310965	1.0
http://www.fbk.eu/ontologies/virtualcoach#FOOD-100144	http://purl.obolibrary.org/obo/FOODON_03305721	1.0
http://www.fbk.eu/ontologies/virtualcoach#FOOD-8033	http://purl.obolibrary.org/obo/FOODON_00002757	1.0
http://www.fbk.eu/ontologies/virtualcoach#Phosphorus	http://purl.obolibrary.org/obo/CHEBI_28659	1.0
http://www.fbk.eu/ontologies/virtualcoach#FOOD-303	http://purl.obolibrary.org/obo/FOODON_03311349	1.0
http://www.fbk.eu/ontologies/virtualcoach#FOOD-700027	http://purl.obolibrary.org/obo/FOODON_03302841	1.0
http://www.fbk.eu/ontologies/virtualcoach#FOOD-0015	http://purl.obolibrary.org/obo/FOODON_03301297	1.0
http://www.fbk.eu/ontologies/virtualcoach#FOOD-100122	http://purl.obolibrary.org/obo/FOODON_03308823	1.0
http://www.fbk.eu/ontologies/virtualcoach#FOOD-100173	http://purl.obolibrary.org/obo/FOODON_03301391	1.0
http://www.fbk.eu/ontologies/virtualcoach#ProcessedMushrooms	http://purl.obolibrary.org/obo/FOODON_03316179	1.0
http://www.fbk.eu/ontologies/virtualcoach#FOOD-100245	http://purl.obolibrary.org/obo/FOODON_03310759	1.0
http://www.fbk.eu/ontologies/virtualcoach#FOOD-1204	http://purl.obolibrary.org/obo/FOODON_03302734	1.0
http://www.fbk.eu/ontologies/virtualcoach#TeaBeverages	http://purl.obolibrary.org/obo/FOODON_00001138	1.0
http://www.fbk.eu/ontologies/virtualcoach#FOOD-900864	http://purl.obolibrary.org/obo/FOODON_03301883	1.0
http://www.fbk.eu/ontologies/virtualcoach#FOOD-700487	http://purl.obolibrary.org/obo/FOODON_03301375	1.0
http://www.fbk.eu/ontologies/virtualcoach#FOOD-9032	http://purl.obolibrary.org/obo/FOODON_03302655	1.0
http://www.fbk.eu/ontologies/virtualcoach#FOOD-330	http://purl.obolibrary.org/obo/FOODON_00002439	1.0
http://www.fbk.eu/ontologies/virtualcoach#FOOD-33	http://purl.obolibrary.org/obo/FOODON_03301119	1.0
http://www.fbk.eu/ontologies/virtualcoach#FOOD-100235	http://purl.obolibrary.org/obo/FOODON_03301564	1.0
http://www.fbk.eu/ontologies/virtualcoach#FOOD-1319	http://purl.obolibrary.org/obo/FOODON_03411558	1.0
http://www.fbk.eu/ontologies/virtualcoach#FOOD-100031	http://purl.obolibrary.org/obo/FOODON_03310935	1.0
http://www.fbk.eu/ontologies/virtualcoach#FOOD-416	http://purl.obolibrary.org/obo/FOODON_03303079	1.0
http://www.fbk.eu/ontologies/virtualcoach#FOOD-592	http://purl.obolibrary.org/obo/FOODON_03301268	1.0
http://www.fbk.eu/ontologies/virtualcoach#FOOD-202	http://purl.obolibrary.org/obo/FOODON_00002752	1.0
http://www.fbk.eu/ontologies/virtualcoach#FOOD-1307	http://purl.obolibrary.org/obo/FOODON_03411223	1.0
http://www.fbk.eu/ontologies/virtualcoach#FOOD-1320	http://purl.obolibrary.org/obo/FOODON_03411644	1.0
http://www.fbk.eu/ontologies/virtualcoach#FOOD-700637	http://purl.obolibrary.org/obo/FOODON_03305289	1.0
http://www.fbk.eu/ontologies/virtualcoach#FOOD-9047	http://purl.obolibrary.org/obo/FOODON_00003275	1.0
http://www.fbk.eu/ontologies/virtualcoach#FOOD-1088	http://purl.obolibrary.org/obo/FOODON_03412114	1.0
http://www.fbk.eu/ontologies/virtualcoach#FOOD-908	http://purl.obolibrary.org/obo/FOODON_03310232	1.0
http://www.fbk.eu/ontologies/virtualcoach#Alanine	http://purl.obolibrary.org/obo/CHEBI_16449	1.0
http://www.fbk.eu/ontologies/virtualcoach#FOOD-319	http://purl.obolibrary.org/obo/FOODON_03302727	1.0
http://www.fbk.eu/ontologies/virtualcoach#FOOD-514	http://purl.obolibrary.org/obo/FOODON_03301283	1.0
http://www.fbk.eu/ontologies/virtualcoach#Jam	http://purl.obolibrary.org/obo/FOODON_03309973	1.0
http://www.fbk.eu/ontologies/virtualcoach#FOOD-1325	http://purl.obolibrary.org/obo/FOODON_03411269	1.0
http://www.fbk.eu/ontologies/virtualcoach#FOOD-3016	http://purl.obolibrary.org/obo/FOODON_00003157	1.0
http://www.fbk.eu/ontologies/virtualcoach#FOOD-10023	http://purl.obolibrary.org/obo/FOODON_03305330	1.0
http://www.fbk.eu/ontologies/virtualcoach#FOOD-904	http://purl.obolibrary.org/obo/FOODON_03310046	1.0
http://www.fbk.eu/ontologies/virtualcoach#FOOD-1506	http://purl.obolibrary.org/obo/FOODON_03311400	1.0
http://www.fbk.eu/ontologies/virtualcoach#FOOD-1328	http://purl.obolibrary.org/obo/FOODON_03411331	1.0
http://www.fbk.eu/ontologies/virtualcoach#FOOD-2006	http://purl.obolibrary.org/obo/FOODON_03302806	1.0
http://www.fbk.eu/ontologies/virtualcoach#FOOD-012	http://purl.obolibrary.org/obo/FOODON_03317446	1.0
http://www.fbk.eu/ontologies/virtualcoach#FOOD-901	http://purl.obolibrary.org/obo/FOODON_03301826	1.0
http://www.fbk.eu/ontologies/virtualcoach#FOOD-403	http://purl.obolibrary.org/obo/FOODON_03301831	1.0
http://www.fbk.eu/ontologies/virtualcoach#FOOD-8038	http://purl.obolibrary.org/obo/FOODON_03304999	1.0
http://www.fbk.eu/ontologies/virtualcoach#FOOD-429	http://purl.obolibrary.org/obo/FOODON_03303398	1.0
http://www.fbk.eu/ontologies/virtualcoach#FOOD-4010	http://purl.obolibrary.org/obo/FOODON_03310272	1.0
http://www.fbk.eu/ontologies/virtualcoach#FOOD-16	http://purl.obolibrary.org/obo/FOODON_03306272	1.0
http://www.fbk.eu/ontologies/virtualcoach#FOOD-4008	http://purl.obolibrary.org/obo/FOODON_03310991	1.0
http://www.fbk.eu/ontologies/virtualcoach#FOOD-1804	http://purl.obolibrary.org/obo/FOODON_00002801	1.0
http://www.fbk.eu/ontologies/virtualcoach#FOOD-428	http://purl.obolibrary.org/obo/FOODON_03301123	1.0
http://www.fbk.eu/ontologies/virtualcoach#FOOD-1721	http://purl.obolibrary.org/obo/FOODON_00001295	1.0
http://www.fbk.eu/ontologies/virtualcoach#FOOD-2017	http://purl.obolibrary.org/obo/UBERON_0036016	1.0
http://www.fbk.eu/ontologies/virtualcoach#FOOD-1303	http://purl.obolibrary.org/obo/FOODON_03411505	1.0
http://www.fbk.eu/ontologies/virtualcoach#FOOD-423	http://purl.obolibrary.org/obo/FOODON_00003133	1.0
http://www.fbk.eu/ontologies/virtualcoach#FOOD-331	http://purl.obolibrary.org/obo/FOODON_00001998	1.0
http://www.fbk.eu/ontologies/virtualcoach#FOOD-888008	http://purl.obolibrary.org/obo/FOODON_00002870	1.0
http://www.fbk.eu/ontologies/virtualcoach#FOOD-9	http://purl.obolibrary.org/obo/FOODON_03301312	1.0
http://www.fbk.eu/ontologies/virtualcoach#FOOD-911	http://purl.obolibrary.org/obo/FOODON_03316687	1.0
http://www.fbk.eu/ontologies/virtualcoach#FOOD-406	http://purl.obolibrary.org/obo/FOODON_03311513	1.0
http://www.fbk.eu/ontologies/virtualcoach#FOOD-888006	http://purl.obolibrary.org/obo/FOODON_03308642	1.0
http://www.fbk.eu/ontologies/virtualcoach#FOOD-592	http://purl.obolibrary.org/obo/FOODON_00003025	1.0
http://www.fbk.eu/ontologies/virtualcoach#FOOD-100230	http://purl.obolibrary.org/obo/FOODON_03305417	1.0
http://www.fbk.eu/ontologies/virtualcoach#FOOD-032	http://purl.obolibrary.org/obo/FOODON_03302333	1.0
http://www.fbk.eu/ontologies/virtualcoach#FOOD-71786	http://purl.obolibrary.org/obo/FOODON_03302995	1.0
http://www.fbk.eu/ontologies/virtualcoach#FOOD-1318	http://purl.obolibrary.org/obo/FOODON_03411240	1.0
http://www.fbk.eu/ontologies/virtualcoach#FOOD-700019	http://purl.obolibrary.org/obo/FOODON_03306255	1.0
http://www.fbk.eu/ontologies/virtualcoach#Dressing	http://purl.obolibrary.org/obo/FOODON_03315498	1.0
http://www.fbk.eu/ontologies/virtualcoach#FOOD-315	http://purl.obolibrary.org/obo/FOODON_03301714	1.0
http://www.fbk.eu/ontologies/virtualcoach#FOOD-1805	http://purl.obolibrary.org/obo/FOODON_00002802	1.0
http://www.fbk.eu/ontologies/virtualcoach#FOOD-909	http://purl.obolibrary.org/obo/FOODON_03304152	1.0
http://www.fbk.eu/ontologies/virtualcoach#FOOD-907	http://purl.obolibrary.org/obo/FOODON_03301474	1.0
http://www.fbk.eu/ontologies/virtualcoach#FOOD-1722	http://purl.obolibrary.org/obo/FOODON_03302916	1.0
http://www.fbk.eu/ontologies/virtualcoach#FOOD-1516	http://purl.obolibrary.org/obo/FOODON_03301080	1.0
http://www.fbk.eu/ontologies/virtualcoach#Proline	http://purl.obolibrary.org/obo/CHEBI_26271	1.0
http://www.fbk.eu/ontologies/virtualcoach#FOOD-100143	http://purl.obolibrary.org/obo/FOODON_03301000	1.0
http://www.fbk.eu/ontologies/virtualcoach#FOOD-1902	http://purl.obolibrary.org/obo/FOODON_03302051	1.0
http://www.fbk.eu/ontologies/virtualcoach#FOOD-1327	http://purl.obolibrary.org/obo/FOODON_03411258	1.0
http://www.fbk.eu/ontologies/virtualcoach#Fruits	http://purl.obolibrary.org/obo/FOODON_03304644	1.0
http://www.fbk.eu/ontologies/virtualcoach#FOOD-407	http://purl.obolibrary.org/obo/FOODON_03301240	1.0
http://www.fbk.eu/ontologies/virtualcoach#Breakfast	http://purl.obolibrary.org/obo/NCIT_C80249	1.0
http://www.fbk.eu/ontologies/virtualcoach#FOOD-8037	http://purl.obolibrary.org/obo/FOODON_00003208	1.0
http://www.fbk.eu/ontologies/virtualcoach#Sausages	http://purl.obolibrary.org/obo/FOODON_03315904	1.0
http://www.fbk.eu/ontologies/virtualcoach#FOOD-1309	http://purl.obolibrary.org/obo/FOODON_03411237	1.0
http://www.fbk.eu/ontologies/virtualcoach#Lipid	http://purl.obolibrary.org/obo/CHEBI_18059	1.0
http://www.fbk.eu/ontologies/virtualcoach#FOOD-100009	http://purl.obolibrary.org/obo/FOODON_03301736	1.0
http://www.fbk.eu/ontologies/virtualcoach#FOOD-700016	http://purl.obolibrary.org/obo/FOODON_03303929	1.0
http://www.fbk.eu/ontologies/virtualcoach#FOOD-9053	http://purl.obolibrary.org/obo/FOODON_03301619	1.0
http://www.fbk.eu/ontologies/virtualcoach#FOOD-335	http://purl.obolibrary.org/obo/FOODON_03315873	1.0
http://www.fbk.eu/ontologies/virtualcoach#Histidine	http://purl.obolibrary.org/obo/CHEBI_27570	1.0
http://www.fbk.eu/ontologies/virtualcoach#FOOD-425	http://purl.obolibrary.org/obo/FOODON_03301719	1.0
http://www.fbk.eu/ontologies/virtualcoach#FOOD-100112	http://purl.obolibrary.org/obo/FOODON_03412401	1.0
http://www.fbk.eu/ontologies/virtualcoach#FOOD-606010	http://purl.obolibrary.org/obo/FOODON_03306867	1.0
http://www.fbk.eu/ontologies/virtualcoach#FOOD-1306	http://purl.obolibrary.org/obo/FOODON_03413916	1.0
http://www.fbk.eu/ontologies/virtualcoach#IceCream	http://purl.obolibrary.org/obo/FOODON_00001045	1.0
http://www.fbk.eu/ontologies/virtualcoach#FOOD-085	http://purl.obolibrary.org/obo/FOODON_00001302	1.0
http://www.fbk.eu/ontologies/virtualcoach#FOOD-310	http://purl.obolibrary.org/obo/FOODON_03301773	1.0
http://www.fbk.eu/ontologies/virtualcoach#FOOD-905	http://purl.obolibrary.org/obo/FOODON_03302578	1.0
http://www.fbk.eu/ontologies/virtualcoach#PantothenicAcid	http://purl.obolibrary.org/obo/CHEBI_25848	1.0
http://www.fbk.eu/ontologies/virtualcoach#FOOD-100019	http://purl.obolibrary.org/obo/FOODON_03310912	1.0
http://www.fbk.eu/ontologies/virtualcoach#FOOD-100184	http://purl.obolibrary.org/obo/FOODON_03301236	1.0
http://www.fbk.eu/ontologies/virtualcoach#FOOD-100166	http://purl.obolibrary.org/obo/FOODON_03309857	1.0
http://www.fbk.eu/ontologies/virtualcoach#FOOD-404	http://purl.obolibrary.org/obo/FOODON_03309832	1.0
http://www.fbk.eu/ontologies/virtualcoach#FOOD-337	http://purl.obolibrary.org/obo/FOODON_03311757	1.0
http://www.fbk.eu/ontologies/virtualcoach#FOOD-421	http://purl.obolibrary.org/obo/FOODON_03301593	1.0
http://www.fbk.eu/ontologies/virtualcoach#FOOD-805867	http://purl.obolibrary.org/obo/FOODON_03301813	1.0
http://www.fbk.eu/ontologies/virtualcoach#FOOD-700639	http://purl.obolibrary.org/obo/FOODON_03305518	1.0
http://www.fbk.eu/ontologies/virtualcoach#ChocolateAndCocoa	http://purl.obolibrary.org/obo/FOODON_03460231	1.0
http://www.fbk.eu/ontologies/virtualcoach#FOOD-1313	http://purl.obolibrary.org/obo/FOODON_03411423	1.0
http://www.fbk.eu/ontologies/virtualcoach#FOOD-9068	http://purl.obolibrary.org/obo/FOODON_03420307	1.0
http://www.fbk.eu/ontologies/virtualcoach#Tyrosine	http://purl.obolibrary.org/obo/CHEBI_18186	1.0
http://www.fbk.eu/ontologies/virtualcoach#Tryptophan	http://purl.obolibrary.org/obo/CHEBI_27897	1.0
http://www.fbk.eu/ontologies/virtualcoach#FOOD-022	http://purl.obolibrary.org/obo/FOODON_03311075	1.0
http://www.fbk.eu/ontologies/virtualcoach#FOOD-100174	http://purl.obolibrary.org/obo/FOODON_03310082	1.0
http://www.fbk.eu/ontologies/virtualcoach#Starch	http://purl.obolibrary.org/obo/CHEBI_28017	1.0
http://www.fbk.eu/ontologies/virtualcoach#FOOD-8057	http://purl.obolibrary.org/obo/FOODON_00001276	1.0
http://www.fbk.eu/ontologies/virtualcoach#FOOD-805166	http://purl.obolibrary.org/obo/FOODON_03305046	1.0
http://www.fbk.eu/ontologies/virtualcoach#VegetableBasedBeverages	http://purl.obolibrary.org/obo/FOODON_03316050	1.0
http://www.fbk.eu/ontologies/virtualcoach#FOOD-8059	http://purl.obolibrary.org/obo/FOODON_03301638	1.0
http://www.fbk.eu/ontologies/virtualcoach#FOOD-3004	http://purl.obolibrary.org/obo/FOODON_03301440	1.0
http://www.fbk.eu/ontologies/virtualcoach#FOOD-1147	http://purl.obolibrary.org/obo/FOODON_00002502	1.0
http://www.fbk.eu/ontologies/virtualcoach#FOOD-417	http://purl.obolibrary.org/obo/FOODON_03315108	1.0
http://www.fbk.eu/ontologies/virtualcoach#FOOD-8029	http://purl.obolibrary.org/obo/FOODON_03411414	1.0
http://www.fbk.eu/ontologies/virtualcoach#FOOD-1715	http://purl.obolibrary.org/obo/FOODON_03303686	1.0
http://www.fbk.eu/ontologies/virtualcoach#FOOD-1711	http://purl.obolibrary.org/obo/FOODON_03301889	1.0
http://www.fbk.eu/ontologies/virtualcoach#FOOD-19022	http://purl.obolibrary.org/obo/FOODON_03302492	1.0
http://www.fbk.eu/ontologies/virtualcoach#Dessert	http://purl.obolibrary.org/obo/FOODON_03303220	1.0
http://www.fbk.eu/ontologies/virtualcoach#Methionine	http://purl.obolibrary.org/obo/CHEBI_16811	1.0
http://www.fbk.eu/ontologies/virtualcoach#FOOD-206	http://purl.obolibrary.org/obo/FOODON_03301372	1.0
http://www.fbk.eu/ontologies/virtualcoach#FOOD-500025	http://purl.obolibrary.org/obo/FOODON_03311604	1.0
http://www.fbk.eu/ontologies/virtualcoach#AsparticAcid	http://purl.obolibrary.org/obo/CHEBI_22660	1.0
http://www.fbk.eu/ontologies/virtualcoach#FOOD-4002	http://purl.obolibrary.org/obo/FOODON_03301632	1.0
http://www.fbk.eu/ontologies/virtualcoach#FOOD-500021	http://purl.obolibrary.org/obo/FOODON_03302045	1.0
http://www.fbk.eu/ontologies/virtualcoach#FOOD-900	http://purl.obolibrary.org/obo/FOODON_03301672	1.0
http://www.fbk.eu/ontologies/virtualcoach#FOOD-700080	http://purl.obolibrary.org/obo/FOODON_03304537	1.0
http://www.fbk.eu/ontologies/virtualcoach#Mollusc	http://purl.obolibrary.org/obo/FOODON_03412112	1.0
http://www.fbk.eu/ontologies/virtualcoach#FOOD-1316	http://purl.obolibrary.org/obo/FOODON_03411514	1.0
http://www.fbk.eu/ontologies/virtualcoach#FOOD-4007	http://purl.obolibrary.org/obo/FOODON_03310990	1.0
http://www.fbk.eu/ontologies/virtualcoach#Valine	http://purl.obolibrary.org/obo/CHEBI_27266	1.0
http://www.fbk.eu/ontologies/virtualcoach#FOOD-805080	http://purl.obolibrary.org/obo/FOODON_03307280	1.0
http://www.fbk.eu/ontologies/virtualcoach#FOOD-805874	http://purl.obolibrary.org/obo/FOODON_03301830	1.0
http://www.fbk.eu/ontologies/virtualcoach#FOOD-341	http://purl.obolibrary.org/obo/FOODON_03307633	1.0
http://www.fbk.eu/ontologies/virtualcoach#FOOD-910	http://purl.obolibrary.org/obo/FOODON_03302776	1.0
http://www.fbk.eu/ontologies/virtualcoach#FOOD-1725	http://purl.obolibrary.org/obo/FOODON_00002425	1.0
http://www.fbk.eu/ontologies/virtualcoach#FOOD-2003	http://purl.obolibrary.org/obo/FOODON_03303780	1.0
http://www.fbk.eu/ontologies/virtualcoach#Galactose	http://purl.obolibrary.org/obo/CHEBI_28260	1.0
http://www.fbk.eu/ontologies/virtualcoach#FOOD-9023	http://purl.obolibrary.org/obo/FOODON_03310387	1.0
http://www.fbk.eu/ontologies/virtualcoach#FOOD-2012	http://purl.obolibrary.org/obo/FOODON_03310643	1.0
http://www.fbk.eu/ontologies/virtualcoach#FOOD-999692	http://purl.obolibrary.org/obo/FOODON_03305236	1.0
http://www.fbk.eu/ontologies/virtualcoach#FOOD-315	http://purl.obolibrary.org/obo/FOODON_03311885	1.0
http://www.fbk.eu/ontologies/virtualcoach#FOOD-9050	http://purl.obolibrary.org/obo/FOODON_03316044	1.0
http://www.fbk.eu/ontologies/virtualcoach#FOOD-408	http://purl.obolibrary.org/obo/FOODON_03301040	1.0
http://www.fbk.eu/ontologies/virtualcoach#FOOD-606512	http://purl.obolibrary.org/obo/FOODON_03306143	1.0
http://www.fbk.eu/ontologies/virtualcoach#FOOD-13	http://purl.obolibrary.org/obo/FOODON_03302500	1.0
http://www.fbk.eu/ontologies/virtualcoach#Isoleucine	http://purl.obolibrary.org/obo/CHEBI_24898	1.0
http://www.fbk.eu/ontologies/virtualcoach#FOOD-100110	http://purl.obolibrary.org/obo/FOODON_03411427	1.0
http://www.fbk.eu/ontologies/virtualcoach#FOOD-1264	http://purl.obolibrary.org/obo/FOODON_03310563	1.0
http://www.fbk.eu/ontologies/virtualcoach#FOOD-415	http://purl.obolibrary.org/obo/FOODON_03311790	1.0
http://www.fbk.eu/ontologies/virtualcoach#FOOD-9001	http://purl.obolibrary.org/obo/FOODON_03316042	1.0
http://www.fbk.eu/ontologies/virtualcoach#FOOD-313	http://purl.obolibrary.org/obo/FOODON_03302732	1.0
http://www.fbk.eu/ontologies/virtualcoach#Flour	http://purl.obolibrary.org/obo/FOODON_03301116	1.0
http://www.fbk.eu/ontologies/virtualcoach#FOOD-100092	http://purl.obolibrary.org/obo/FOODON_03411496	1.0
http://www.fbk.eu/ontologies/virtualcoach#FOOD-4009	http://purl.obolibrary.org/obo/FOODON_03310273	1.0
http://www.fbk.eu/ontologies/virtualcoach#FOOD-1611	http://purl.obolibrary.org/obo/FOODON_03301505	1.0
http://www.fbk.eu/ontologies/virtualcoach#FOOD-011	http://purl.obolibrary.org/obo/FOODON_03306619	1.0
http://www.fbk.eu/ontologies/virtualcoach#FOOD-100172	http://purl.obolibrary.org/obo/FOODON_03301397	1.0
http://www.fbk.eu/ontologies/virtualcoach#Week	http://purl.obolibrary.org/obo/UO_0000034	1.0
http://www.fbk.eu/ontologies/virtualcoach#FOOD-10	http://purl.obolibrary.org/obo/FOODON_03302340	1.0
http://www.fbk.eu/ontologies/virtualcoach#FOOD-450085	http://purl.obolibrary.org/obo/FOODON_03302327	1.0
http://www.fbk.eu/ontologies/virtualcoach#FOOD-3018	http://purl.obolibrary.org/obo/FOODON_03301469	1.0
http://www.fbk.eu/ontologies/virtualcoach#FOOD-031	http://purl.obolibrary.org/obo/FOODON_03302897	1.0
http://www.fbk.eu/ontologies/virtualcoach#FOOD-078	http://purl.obolibrary.org/obo/FOODON_00002057	1.0
http://www.fbk.eu/ontologies/virtualcoach#Day	http://purl.obolibrary.org/obo/UO_0000033	1.0
http://www.fbk.eu/ontologies/virtualcoach#FOOD-1900	http://purl.obolibrary.org/obo/FOODON_03310351	1.0
http://www.fbk.eu/ontologies/virtualcoach#FOOD-100227	http://purl.obolibrary.org/obo/FOODON_03315342	1.0
http://www.fbk.eu/ontologies/virtualcoach#Pastry	http://purl.obolibrary.org/obo/FOODON_03315272	1.0
http://www.fbk.eu/ontologies/virtualcoach#NonAlcoholicBeverages	http://purl.obolibrary.org/obo/FOODON_00002057	1.0
http://www.fbk.eu/ontologies/virtualcoach#FOOD-502	http://purl.obolibrary.org/obo/FOODON_03306901	1.0
http://www.fbk.eu/ontologies/virtualcoach#FOOD-902	http://purl.obolibrary.org/obo/FOODON_03420307	1.0
http://www.fbk.eu/ontologies/virtualcoach#Cream	http://purl.obolibrary.org/obo/FOODON_03305258	1.0
http://www.fbk.eu/ontologies/virtualcoach#FOOD-1151	http://purl.obolibrary.org/obo/FOODON_03302012	1.0
http://www.fbk.eu/ontologies/virtualcoach#FOOD-500023	http://purl.obolibrary.org/obo/FOODON_00003008	1.0
http://www.fbk.eu/ontologies/virtualcoach#FOOD-382	http://purl.obolibrary.org/obo/FOODON_03301833	1.0
http://www.fbk.eu/ontologies/virtualcoach#Beer	http://purl.obolibrary.org/obo/FOODON_03301619	1.0
http://www.fbk.eu/ontologies/virtualcoach#FOOD-500019	http://purl.obolibrary.org/obo/FOODON_03411532	1.0
http://www.fbk.eu/ontologies/virtualcoach#GlutamicAcid	http://purl.obolibrary.org/obo/CHEBI_18237	1.0
http://www.fbk.eu/ontologies/virtualcoach#FOOD-100205	http://purl.obolibrary.org/obo/FOODON_03301705	1.0
http://www.fbk.eu/ontologies/virtualcoach#FOOD-666005	http://purl.obolibrary.org/obo/FOODON_03302371	1.0
http://www.fbk.eu/ontologies/virtualcoach#FOOD-087	http://purl.obolibrary.org/obo/FOODON_03306347	1.0
http://www.fbk.eu/ontologies/virtualcoach#FOOD-062	http://purl.obolibrary.org/obo/FOODON_03315904	1.0
http://www.fbk.eu/ontologies/virtualcoach#FOOD-72	http://purl.obolibrary.org/obo/FOODON_03309852	1.0
http://www.fbk.eu/ontologies/virtualcoach#FOOD-20	http://purl.obolibrary.org/obo/FOODON_03302485	1.0
http://www.fbk.eu/ontologies/virtualcoach#FOOD-100225	http://purl.obolibrary.org/obo/FOODON_03302946	1.0
http://www.fbk.eu/ontologies/virtualcoach#Lysine	http://purl.obolibrary.org/obo/CHEBI_25094	1.0
http://www.fbk.eu/ontologies/virtualcoach#FOOD-512	http://purl.obolibrary.org/obo/FOODON_03309360	1.0
http://www.fbk.eu/ontologies/virtualcoach#FOOD-1294	http://purl.obolibrary.org/obo/FOODON_00002705	1.0
http://www.fbk.eu/ontologies/virtualcoach#FOOD-100106	http://purl.obolibrary.org/obo/FOODON_03411557	1.0
http://www.fbk.eu/ontologies/virtualcoach#FOOD-1295	http://purl.obolibrary.org/obo/FOODON_00002706	1.0
http://www.fbk.eu/ontologies/virtualcoach#FOOD-700342	http://purl.obolibrary.org/obo/FOODON_03317262	1.0
http://www.fbk.eu/ontologies/virtualcoach#Arginine	http://purl.obolibrary.org/obo/CHEBI_29016	1.0
http://www.fbk.eu/ontologies/virtualcoach#FOOD-100207	http://purl.obolibrary.org/obo/FOODON_03301556	1.0
http://www.fbk.eu/ontologies/virtualcoach#FOOD-900546	http://purl.obolibrary.org/obo/FOODON_03306286	1.0
http://www.fbk.eu/ontologies/virtualcoach#FOOD-999905	http://purl.obolibrary.org/obo/FOODON_03310734	1.0
http://www.fbk.eu/ontologies/virtualcoach#FOOD-068	http://purl.obolibrary.org/obo/FOODON_03307240	1.0
http://www.fbk.eu/ontologies/virtualcoach#FOOD-503	http://purl.obolibrary.org/obo/FOODON_03310978	1.0
http://www.fbk.eu/ontologies/virtualcoach#FOOD-524	http://purl.obolibrary.org/obo/FOODON_03303085	1.0
http://www.fbk.eu/ontologies/virtualcoach#WholeWheatFlour	http://purl.obolibrary.org/obo/FOODON_03302340	1.0
http://www.fbk.eu/ontologies/virtualcoach#Glucose	http://purl.obolibrary.org/obo/CHEBI_17234	1.0
http://www.fbk.eu/ontologies/virtualcoach#FOOD-1308	http://purl.obolibrary.org/obo/FOODON_03411510	1.0
http://www.fbk.eu/ontologies/virtualcoach#FOOD-19067	http://purl.obolibrary.org/obo/FOODON_00003019	1.0
http://www.fbk.eu/ontologies/virtualcoach#FOOD-805470	http://purl.obolibrary.org/obo/FOODON_03309980	1.0
http://www.fbk.eu/ontologies/virtualcoach#FOOD-702901	http://purl.obolibrary.org/obo/FOODON_00002808	1.0
http://www.fbk.eu/ontologies/virtualcoach#ProcessedFish	http://purl.obolibrary.org/obo/FOODON_03315491	1.0
http://www.fbk.eu/ontologies/virtualcoach#OlivesAndOliveProducts	http://purl.obolibrary.org/obo/FOODON_00002066	1.0
http://www.fbk.eu/ontologies/virtualcoach#FOOD-888014	http://purl.obolibrary.org/obo/FOODON_03309491	1.0
