SrcEntity	TgtEntity
http://www.fbk.eu/ontologies/virtualcoach#FOOD-0019	http://purl.obolibrary.org/obo/FOODON_00001149
http://www.fbk.eu/ontologies/virtualcoach#FOOD-0019	http://purl.obolibrary.org/obo/FOODON_03303220
http://www.fbk.eu/ontologies/virtualcoach#Glycine	http://purl.obolibrary.org/obo/CHEBI_26650
http://www.fbk.eu/ontologies/virtualcoach#Glycine	http://purl.obolibrary.org/obo/FOODON_03412972
http://www.fbk.eu/ontologies/virtualcoach#FOOD-412	http://purl.obolibrary.org/obo/FOODON_00003433
http://www.fbk.eu/ontologies/virtualcoach#FOOD-1718	http://purl.obolibrary.org/obo/FOODON_00002326
http://www.fbk.eu/ontologies/virtualcoach#FOOD-1043	http://purl.obolibrary.org/obo/FOODON_00001038
http://www.fbk.eu/ontologies/virtualcoach#FOOD-2005	http://purl.obolibrary.org/obo/FOODON_00002286
http://www.fbk.eu/ontologies/virtualcoach#FOOD-411	http://purl.obolibrary.org/obo/FOODON_00003443
http://www.fbk.eu/ontologies/virtualcoach#Threonine	http://purl.obolibrary.org/obo/CHEBI_38263
http://www.fbk.eu/ontologies/virtualcoach#Threonine	http://purl.obolibrary.org/obo/CHEBI_26167
http://www.fbk.eu/ontologies/virtualcoach#FOOD-1713	http://purl.obolibrary.org/obo/FOODON_00001065
http://www.fbk.eu/ontologies/virtualcoach#FOOD-1713	http://purl.obolibrary.org/obo/FOODON_00002231
http://www.fbk.eu/ontologies/virtualcoach#FOOD-8026	http://purl.obolibrary.org/obo/FOODON_00001100
http://www.fbk.eu/ontologies/virtualcoach#Mushrooms	http://purl.obolibrary.org/obo/FOODON_00002050
http://www.fbk.eu/ontologies/virtualcoach#FOOD-1314	http://purl.obolibrary.org/obo/FOODON_00001292
http://www.fbk.eu/ontologies/virtualcoach#FOOD-1314	http://purl.obolibrary.org/obo/FOODON_03412113
http://www.fbk.eu/ontologies/virtualcoach#FOOD-15	http://purl.obolibrary.org/obo/FOODON_00002207
http://www.fbk.eu/ontologies/virtualcoach#FOOD-73	http://purl.obolibrary.org/obo/FOODON_00002351
http://www.fbk.eu/ontologies/virtualcoach#FOOD-1726	http://purl.obolibrary.org/obo/FOODON_00001946
http://www.fbk.eu/ontologies/virtualcoach#VitaminB12	http://purl.obolibrary.org/obo/FOODON_03460216
http://www.fbk.eu/ontologies/virtualcoach#Lactose	http://purl.obolibrary.org/obo/CHEBI_24405
http://www.fbk.eu/ontologies/virtualcoach#Lactose	http://purl.obolibrary.org/obo/FOODON_03420108
http://www.fbk.eu/ontologies/virtualcoach#FOOD-052	http://purl.obolibrary.org/obo/FOODON_00002175
http://www.fbk.eu/ontologies/virtualcoach#FOOD-1513	http://purl.obolibrary.org/obo/FOODON_00001750
http://www.fbk.eu/ontologies/virtualcoach#FolicAcid	http://purl.obolibrary.org/obo/CHEBI_83982
http://www.fbk.eu/ontologies/virtualcoach#FolicAcid	http://purl.obolibrary.org/obo/CHEBI_26375
http://www.fbk.eu/ontologies/virtualcoach#FOOD-900505	http://purl.obolibrary.org/obo/FOODON_00002175
http://www.fbk.eu/ontologies/virtualcoach#FOOD-888015	http://purl.obolibrary.org/obo/FOODON_00002208
http://www.fbk.eu/ontologies/virtualcoach#FOOD-888015	http://purl.obolibrary.org/obo/FOODON_03310387
http://www.fbk.eu/ontologies/virtualcoach#FOOD-900503	http://purl.obolibrary.org/obo/FOODON_00001587
http://www.fbk.eu/ontologies/virtualcoach#FOOD-312	http://purl.obolibrary.org/obo/FOODON_00003408
http://www.fbk.eu/ontologies/virtualcoach#FOOD-312	http://purl.obolibrary.org/obo/FOODON_03309389
http://www.fbk.eu/ontologies/virtualcoach#FOOD-1311	http://purl.obolibrary.org/obo/FOODON_03411826
http://www.fbk.eu/ontologies/virtualcoach#FOOD-334	http://purl.obolibrary.org/obo/FOODON_00001830
http://www.fbk.eu/ontologies/virtualcoach#FOOD-401	http://purl.obolibrary.org/obo/FOODON_00002486
http://www.fbk.eu/ontologies/virtualcoach#VitaminB6	http://purl.obolibrary.org/obo/CHEBI_26421
http://www.fbk.eu/ontologies/virtualcoach#VitaminB6	http://purl.obolibrary.org/obo/FOODON_03460216
http://www.fbk.eu/ontologies/virtualcoach#FOOD-309	http://purl.obolibrary.org/obo/FOODON_00003405
http://www.fbk.eu/ontologies/virtualcoach#FOOD-1800	http://purl.obolibrary.org/obo/FOODON_00001275
http://www.fbk.eu/ontologies/virtualcoach#FOOD-19032	http://purl.obolibrary.org/obo/FOODON_03301425
http://www.fbk.eu/ontologies/virtualcoach#VinegarDressing	http://purl.obolibrary.org/obo/FOODON_00001073
http://www.fbk.eu/ontologies/virtualcoach#LinolenicAcid	http://purl.obolibrary.org/obo/CHEBI_59549
http://www.fbk.eu/ontologies/virtualcoach#LinolenicAcid	http://purl.obolibrary.org/obo/CHEBI_25633
http://www.fbk.eu/ontologies/virtualcoach#FOOD-700418	http://purl.obolibrary.org/obo/FOODON_00001785
http://www.fbk.eu/ontologies/virtualcoach#FOOD-700418	http://purl.obolibrary.org/obo/FOODON_03411998
http://www.fbk.eu/ontologies/virtualcoach#FOOD-420	http://purl.obolibrary.org/obo/FOODON_00002182
http://www.fbk.eu/ontologies/virtualcoach#Beverages	http://purl.obolibrary.org/obo/FOODON_03301977
http://www.fbk.eu/ontologies/virtualcoach#Beverages	http://purl.obolibrary.org/obo/FOODON_03430130
http://www.fbk.eu/ontologies/virtualcoach#Aminoacid	http://purl.obolibrary.org/obo/CHEBI_33575
http://www.fbk.eu/ontologies/virtualcoach#Aminoacid	http://purl.obolibrary.org/obo/CHEBI_50047
http://www.fbk.eu/ontologies/virtualcoach#Lunch	http://purl.obolibrary.org/obo/NCIT_C80248
http://www.fbk.eu/ontologies/virtualcoach#FOOD-805941	http://purl.obolibrary.org/obo/FOODON_00001616
http://www.fbk.eu/ontologies/virtualcoach#FOOD-318	http://purl.obolibrary.org/obo/FOODON_00003415
http://www.fbk.eu/ontologies/virtualcoach#FOOD-666011	http://purl.obolibrary.org/obo/FOODON_03400309
http://www.fbk.eu/ontologies/virtualcoach#FOOD-666011	http://purl.obolibrary.org/obo/FOODON_00002026
http://www.fbk.eu/ontologies/virtualcoach#FOOD-60089	http://purl.obolibrary.org/obo/FOODON_03301641
http://www.fbk.eu/ontologies/virtualcoach#Leucine_6000	http://purl.obolibrary.org/obo/CHEBI_22918
http://www.fbk.eu/ontologies/virtualcoach#Leucine_6000	http://purl.obolibrary.org/obo/CHEBI_33704
http://www.fbk.eu/ontologies/virtualcoach#FOOD-1702	http://purl.obolibrary.org/obo/FOODON_00001778
http://www.fbk.eu/ontologies/virtualcoach#FOOD-9039	http://purl.obolibrary.org/obo/FOODON_03302665
http://www.fbk.eu/ontologies/virtualcoach#FOOD-805958	http://purl.obolibrary.org/obo/FOODON_03301073
http://www.fbk.eu/ontologies/virtualcoach#FOOD-805958	http://purl.obolibrary.org/obo/FOODON_00001083
http://www.fbk.eu/ontologies/virtualcoach#FOOD-19021	http://purl.obolibrary.org/obo/FOODON_00001825
http://www.fbk.eu/ontologies/virtualcoach#RoastedNuts	http://purl.obolibrary.org/obo/FOODON_03306632
http://www.fbk.eu/ontologies/virtualcoach#FOOD-888003	http://purl.obolibrary.org/obo/FOODON_00003396
http://www.fbk.eu/ontologies/virtualcoach#FOOD-888003	http://purl.obolibrary.org/obo/FOODON_00001242
http://www.fbk.eu/ontologies/virtualcoach#FOOD-666009	http://purl.obolibrary.org/obo/FOODON_03301977
http://www.fbk.eu/ontologies/virtualcoach#FOOD-8685	http://purl.obolibrary.org/obo/FOODON_00001040
http://www.fbk.eu/ontologies/virtualcoach#FOOD-422	http://purl.obolibrary.org/obo/FOODON_00001152
http://www.fbk.eu/ontologies/virtualcoach#FOOD-100004	http://purl.obolibrary.org/obo/FOODON_00001042
http://www.fbk.eu/ontologies/virtualcoach#FOOD-100004	http://purl.obolibrary.org/obo/FOODON_00001108
http://www.fbk.eu/ontologies/virtualcoach#FOOD-066	http://purl.obolibrary.org/obo/FOODON_03315173
http://www.fbk.eu/ontologies/virtualcoach#FOOD-888001	http://purl.obolibrary.org/obo/FOODON_03315399
http://www.fbk.eu/ontologies/virtualcoach#FOOD-900606	http://purl.obolibrary.org/obo/FOODON_00001793
http://www.fbk.eu/ontologies/virtualcoach#FOOD-505	http://purl.obolibrary.org/obo/FOODON_00001803
http://www.fbk.eu/ontologies/virtualcoach#FOOD-1208	http://purl.obolibrary.org/obo/FOODON_00001041
http://www.fbk.eu/ontologies/virtualcoach#FOOD-906	http://purl.obolibrary.org/obo/FOODON_00002294
http://www.fbk.eu/ontologies/virtualcoach#FOOD-906	http://purl.obolibrary.org/obo/FOODON_03420307
http://www.fbk.eu/ontologies/virtualcoach#FOOD-1622	http://purl.obolibrary.org/obo/FOODON_00002173
http://www.fbk.eu/ontologies/virtualcoach#FOOD-1155	http://purl.obolibrary.org/obo/FOODON_00001605
http://www.fbk.eu/ontologies/virtualcoach#FOOD-1101	http://purl.obolibrary.org/obo/FOODON_00001041
http://www.fbk.eu/ontologies/virtualcoach#FOOD-100051	http://purl.obolibrary.org/obo/FOODON_00001286
http://www.fbk.eu/ontologies/virtualcoach#FOOD-1600	http://purl.obolibrary.org/obo/FOODON_00001911
http://www.fbk.eu/ontologies/virtualcoach#FOOD-100243	http://purl.obolibrary.org/obo/FOODON_00001925
http://www.fbk.eu/ontologies/virtualcoach#CannedMeat	http://purl.obolibrary.org/obo/FOODON_03315649
http://www.fbk.eu/ontologies/virtualcoach#FOOD-9029	http://purl.obolibrary.org/obo/FOODON_03315081
http://www.fbk.eu/ontologies/virtualcoach#FOOD-100187	http://purl.obolibrary.org/obo/FOODON_00002479
http://www.fbk.eu/ontologies/virtualcoach#FOOD-1504	http://purl.obolibrary.org/obo/FOODON_00001950
http://www.fbk.eu/ontologies/virtualcoach#Arginine_5200	http://purl.obolibrary.org/obo/CHEBI_24436
http://www.fbk.eu/ontologies/virtualcoach#Arginine_5200	http://purl.obolibrary.org/obo/CHEBI_33704
http://www.fbk.eu/ontologies/virtualcoach#Arginine_5200	http://purl.obolibrary.org/obo/CHEBI_26167
http://www.fbk.eu/ontologies/virtualcoach#Arginine_9800	http://purl.obolibrary.org/obo/CHEBI_24436
http://www.fbk.eu/ontologies/virtualcoach#Arginine_9800	http://purl.obolibrary.org/obo/CHEBI_33704
http://www.fbk.eu/ontologies/virtualcoach#Arginine_9800	http://purl.obolibrary.org/obo/CHEBI_26167
http://www.fbk.eu/ontologies/virtualcoach#FOOD-9061	http://purl.obolibrary.org/obo/FOODON_00002502
http://www.fbk.eu/ontologies/virtualcoach#FOOD-700082	http://purl.obolibrary.org/obo/FOODON_00001199
http://www.fbk.eu/ontologies/virtualcoach#FOOD-1717	http://purl.obolibrary.org/obo/FOODON_00002327
http://www.fbk.eu/ontologies/virtualcoach#FOOD-590	http://purl.obolibrary.org/obo/FOODON_00001936
http://www.fbk.eu/ontologies/virtualcoach#FOOD-1205	http://purl.obolibrary.org/obo/FOODON_00001041
http://www.fbk.eu/ontologies/virtualcoach#FOOD-100176	http://purl.obolibrary.org/obo/FOODON_00002683
http://www.fbk.eu/ontologies/virtualcoach#PowderedMilk	http://purl.obolibrary.org/obo/FOODON_00001091
http://www.fbk.eu/ontologies/virtualcoach#ProcessedVegetables	http://purl.obolibrary.org/obo/FOODON_03315308
http://www.fbk.eu/ontologies/virtualcoach#CandiedFruits	http://purl.obolibrary.org/obo/FOODON_03315615
http://www.fbk.eu/ontologies/virtualcoach#FOOD-19065	http://purl.obolibrary.org/obo/FOODON_00002301
http://www.fbk.eu/ontologies/virtualcoach#FOOD-19065	http://purl.obolibrary.org/obo/FOODON_00002502
http://www.fbk.eu/ontologies/virtualcoach#FOOD-100188	http://purl.obolibrary.org/obo/FOODON_03315615
http://www.fbk.eu/ontologies/virtualcoach#FOOD-100139	http://purl.obolibrary.org/obo/FOODON_00002418
http://www.fbk.eu/ontologies/virtualcoach#FOOD-100139	http://purl.obolibrary.org/obo/FOODON_03301467
http://www.fbk.eu/ontologies/virtualcoach#FOOD-023	http://purl.obolibrary.org/obo/FOODON_00002457
http://www.fbk.eu/ontologies/virtualcoach#FOOD-8669	http://purl.obolibrary.org/obo/FOODON_00002319
http://www.fbk.eu/ontologies/virtualcoach#RedMeat	http://purl.obolibrary.org/obo/FOODON_03306429
http://www.fbk.eu/ontologies/virtualcoach#FOOD-1620	http://purl.obolibrary.org/obo/FOODON_00002173
http://www.fbk.eu/ontologies/virtualcoach#FOOD-100196	http://purl.obolibrary.org/obo/FOODON_00002119
http://www.fbk.eu/ontologies/virtualcoach#FOOD-9026	http://purl.obolibrary.org/obo/FOODON_03309973
http://www.fbk.eu/ontologies/virtualcoach#FOOD-0008	http://purl.obolibrary.org/obo/FOODON_03315354
http://www.fbk.eu/ontologies/virtualcoach#FOOD-702404	http://purl.obolibrary.org/obo/FOODON_00002479
http://www.fbk.eu/ontologies/virtualcoach#FreshFruits	http://purl.obolibrary.org/obo/FOODON_00002457
http://www.fbk.eu/ontologies/virtualcoach#FreshFish	http://purl.obolibrary.org/obo/FOODON_03301077
http://www.fbk.eu/ontologies/virtualcoach#FOOD-1512	http://purl.obolibrary.org/obo/FOODON_00001679
http://www.fbk.eu/ontologies/virtualcoach#FOOD-100178	http://purl.obolibrary.org/obo/FOODON_00002110
http://www.fbk.eu/ontologies/virtualcoach#FOOD-700178	http://purl.obolibrary.org/obo/FOODON_00002318
http://www.fbk.eu/ontologies/virtualcoach#FOOD-700405	http://purl.obolibrary.org/obo/FOODON_00001623
http://www.fbk.eu/ontologies/virtualcoach#FOOD-100183	http://purl.obolibrary.org/obo/FOODON_00003134
http://www.fbk.eu/ontologies/virtualcoach#FOOD-342	http://purl.obolibrary.org/obo/FOODON_00003431
http://www.fbk.eu/ontologies/virtualcoach#FOOD-307	http://purl.obolibrary.org/obo/FOODON_00002498
http://www.fbk.eu/ontologies/virtualcoach#Phenylalanine	http://purl.obolibrary.org/obo/CHEBI_33704
http://www.fbk.eu/ontologies/virtualcoach#Phenylalanine	http://purl.obolibrary.org/obo/CHEBI_33856
http://www.fbk.eu/ontologies/virtualcoach#FOOD-322	http://purl.obolibrary.org/obo/FOODON_03316347
http://www.fbk.eu/ontologies/virtualcoach#FOOD-30039	http://purl.obolibrary.org/obo/FOODON_00001141
http://www.fbk.eu/ontologies/virtualcoach#FOOD-8019	http://purl.obolibrary.org/obo/FOODON_00001242
http://www.fbk.eu/ontologies/virtualcoach#FOOD-14	http://purl.obolibrary.org/obo/FOODON_00001632
http://www.fbk.eu/ontologies/virtualcoach#FOOD-60088	http://purl.obolibrary.org/obo/FOODON_03301054
http://www.fbk.eu/ontologies/virtualcoach#FOOD-71787	http://purl.obolibrary.org/obo/FOODON_00002252
http://www.fbk.eu/ontologies/virtualcoach#FOOD-74	http://purl.obolibrary.org/obo/FOODON_00001141
http://www.fbk.eu/ontologies/virtualcoach#FOOD-015	http://purl.obolibrary.org/obo/FOODON_00002335
http://www.fbk.eu/ontologies/virtualcoach#FOOD-317	http://purl.obolibrary.org/obo/FOODON_00001677
http://www.fbk.eu/ontologies/virtualcoach#FOOD-602073	http://purl.obolibrary.org/obo/FOODON_03411135
http://www.fbk.eu/ontologies/virtualcoach#FOOD-427	http://purl.obolibrary.org/obo/FOODON_00002161
http://www.fbk.eu/ontologies/virtualcoach#Cystine	http://purl.obolibrary.org/obo/CHEBI_26834
http://www.fbk.eu/ontologies/virtualcoach#Cystine	http://purl.obolibrary.org/obo/CHEBI_35489
http://www.fbk.eu/ontologies/virtualcoach#Cystine	http://purl.obolibrary.org/obo/CHEBI_23509
http://www.fbk.eu/ontologies/virtualcoach#FOOD-18	http://purl.obolibrary.org/obo/FOODON_00002274
http://www.fbk.eu/ontologies/virtualcoach#FOOD-8058	http://purl.obolibrary.org/obo/FOODON_00001948
http://www.fbk.eu/ontologies/virtualcoach#FOOD-60092	http://purl.obolibrary.org/obo/FOODON_00002353
http://www.fbk.eu/ontologies/virtualcoach#FOOD-100	http://purl.obolibrary.org/obo/FOODON_00001635
http://www.fbk.eu/ontologies/virtualcoach#WhiteBread	http://purl.obolibrary.org/obo/FOODON_03301054
http://www.fbk.eu/ontologies/virtualcoach#FOOD-77	http://purl.obolibrary.org/obo/FOODON_00002351
http://www.fbk.eu/ontologies/virtualcoach#FOOD-070	http://purl.obolibrary.org/obo/FOODON_00002350
http://www.fbk.eu/ontologies/virtualcoach#FOOD-1710	http://purl.obolibrary.org/obo/FOODON_00001778
http://www.fbk.eu/ontologies/virtualcoach#FOOD-100097	http://purl.obolibrary.org/obo/FOODON_03301837
http://www.fbk.eu/ontologies/virtualcoach#FOOD-100217	http://purl.obolibrary.org/obo/FOODON_03316426
http://www.fbk.eu/ontologies/virtualcoach#FOOD-8030	http://purl.obolibrary.org/obo/FOODON_03315361
http://www.fbk.eu/ontologies/virtualcoach#FOOD-8030	http://purl.obolibrary.org/obo/FOODON_00001201
http://www.fbk.eu/ontologies/virtualcoach#FOOD-19007	http://purl.obolibrary.org/obo/FOODON_00002178
http://www.fbk.eu/ontologies/virtualcoach#FOOD-1505	http://purl.obolibrary.org/obo/FOODON_00001950
http://www.fbk.eu/ontologies/virtualcoach#FOOD-9600	http://purl.obolibrary.org/obo/FOODON_00001860
http://www.fbk.eu/ontologies/virtualcoach#FOOD-805678	http://purl.obolibrary.org/obo/FOODON_00002069
http://www.fbk.eu/ontologies/virtualcoach#FOOD-800188	http://purl.obolibrary.org/obo/FOODON_00002178
http://www.fbk.eu/ontologies/virtualcoach#FOOD-1706	http://purl.obolibrary.org/obo/FOODON_00001778
http://www.fbk.eu/ontologies/virtualcoach#FOOD-8010	http://purl.obolibrary.org/obo/FOODON_00002023
http://www.fbk.eu/ontologies/virtualcoach#FOOD-8004	http://purl.obolibrary.org/obo/FOODON_00001242
http://www.fbk.eu/ontologies/virtualcoach#FOOD-999964	http://purl.obolibrary.org/obo/FOODON_00001650
http://www.fbk.eu/ontologies/virtualcoach#FOOD-3014	http://purl.obolibrary.org/obo/FOODON_00001636
http://www.fbk.eu/ontologies/virtualcoach#FOOD-2001	http://purl.obolibrary.org/obo/FOODON_03315615
http://www.fbk.eu/ontologies/virtualcoach#FOOD-1633	http://purl.obolibrary.org/obo/FOODON_00001014
http://www.fbk.eu/ontologies/virtualcoach#FOOD-5	http://purl.obolibrary.org/obo/FOODON_03301641
http://www.fbk.eu/ontologies/virtualcoach#FOOD-805951	http://purl.obolibrary.org/obo/FOODON_00002161
http://www.fbk.eu/ontologies/virtualcoach#Cereals	http://purl.obolibrary.org/obo/FOODON_03315324
http://www.fbk.eu/ontologies/virtualcoach#FOOD-700407	http://purl.obolibrary.org/obo/FOODON_00002075
http://www.fbk.eu/ontologies/virtualcoach#FOOD-504	http://purl.obolibrary.org/obo/FOODON_00001722
http://www.fbk.eu/ontologies/virtualcoach#FOOD-4	http://purl.obolibrary.org/obo/FOODON_00001191
http://www.fbk.eu/ontologies/virtualcoach#FOOD-1502	http://purl.obolibrary.org/obo/FOODON_00001589
http://www.fbk.eu/ontologies/virtualcoach#FOOD-700484	http://purl.obolibrary.org/obo/FOODON_00001620
http://www.fbk.eu/ontologies/virtualcoach#FOOD-805249	http://purl.obolibrary.org/obo/FOODON_00001041
http://www.fbk.eu/ontologies/virtualcoach#FOOD-700483	http://purl.obolibrary.org/obo/FOODON_00002766
http://www.fbk.eu/ontologies/virtualcoach#FOOD-8729	http://purl.obolibrary.org/obo/FOODON_00002709
http://www.fbk.eu/ontologies/virtualcoach#FOOD-8063	http://purl.obolibrary.org/obo/FOODON_00002017
http://www.fbk.eu/ontologies/virtualcoach#FOOD-1209	http://purl.obolibrary.org/obo/FOODON_00001041
http://www.fbk.eu/ontologies/virtualcoach#FOOD-700105	http://purl.obolibrary.org/obo/FOODON_00001617
http://www.fbk.eu/ontologies/virtualcoach#FOOD-100144	http://purl.obolibrary.org/obo/FOODON_00002466
http://www.fbk.eu/ontologies/virtualcoach#FOOD-100144	http://purl.obolibrary.org/obo/FOODON_03301585
http://www.fbk.eu/ontologies/virtualcoach#FOOD-8033	http://purl.obolibrary.org/obo/FOODON_03315361
http://www.fbk.eu/ontologies/virtualcoach#FOOD-8033	http://purl.obolibrary.org/obo/FOODON_00001201
http://www.fbk.eu/ontologies/virtualcoach#Phosphorus	http://purl.obolibrary.org/obo/CHEBI_25585
http://www.fbk.eu/ontologies/virtualcoach#Phosphorus	http://purl.obolibrary.org/obo/CHEBI_33300
http://www.fbk.eu/ontologies/virtualcoach#FOOD-303	http://purl.obolibrary.org/obo/FOODON_00001620
http://www.fbk.eu/ontologies/virtualcoach#FOOD-700027	http://purl.obolibrary.org/obo/FOODON_00002205
http://www.fbk.eu/ontologies/virtualcoach#FOOD-0015	http://purl.obolibrary.org/obo/FOODON_03306429
http://www.fbk.eu/ontologies/virtualcoach#FOOD-100122	http://purl.obolibrary.org/obo/FOODON_03301169
http://www.fbk.eu/ontologies/virtualcoach#FOOD-100173	http://purl.obolibrary.org/obo/FOODON_00002050
http://www.fbk.eu/ontologies/virtualcoach#ProcessedMushrooms	http://purl.obolibrary.org/obo/FOODON_00002050
http://www.fbk.eu/ontologies/virtualcoach#FOOD-100245	http://purl.obolibrary.org/obo/FOODON_00001999
http://www.fbk.eu/ontologies/virtualcoach#FOOD-1204	http://purl.obolibrary.org/obo/FOODON_00001041
http://www.fbk.eu/ontologies/virtualcoach#TeaBeverages	http://purl.obolibrary.org/obo/FOODON_00001255
http://www.fbk.eu/ontologies/virtualcoach#TeaBeverages	http://purl.obolibrary.org/obo/FOODON_00002275
http://www.fbk.eu/ontologies/virtualcoach#FOOD-900864	http://purl.obolibrary.org/obo/FOODON_00001891
http://www.fbk.eu/ontologies/virtualcoach#FOOD-700487	http://purl.obolibrary.org/obo/FOODON_00002269
http://www.fbk.eu/ontologies/virtualcoach#FOOD-9032	http://purl.obolibrary.org/obo/FOODON_03315399
http://www.fbk.eu/ontologies/virtualcoach#FOOD-330	http://purl.obolibrary.org/obo/FOODON_00002142
http://www.fbk.eu/ontologies/virtualcoach#FOOD-33	http://purl.obolibrary.org/obo/FOODON_03302200
http://www.fbk.eu/ontologies/virtualcoach#FOOD-100235	http://purl.obolibrary.org/obo/FOODON_00001999
http://www.fbk.eu/ontologies/virtualcoach#FOOD-1319	http://purl.obolibrary.org/obo/FOODON_03411124
http://www.fbk.eu/ontologies/virtualcoach#FOOD-100031	http://purl.obolibrary.org/obo/FOODON_00002252
http://www.fbk.eu/ontologies/virtualcoach#FOOD-416	http://purl.obolibrary.org/obo/FOODON_00002018
http://www.fbk.eu/ontologies/virtualcoach#FOOD-416	http://purl.obolibrary.org/obo/FOODON_03309832
http://www.fbk.eu/ontologies/virtualcoach#FOOD-592	http://purl.obolibrary.org/obo/FOODON_00003025
http://www.fbk.eu/ontologies/virtualcoach#FOOD-1307	http://purl.obolibrary.org/obo/FOODON_00002051
http://www.fbk.eu/ontologies/virtualcoach#FOOD-1307	http://purl.obolibrary.org/obo/FOODON_03412113
http://www.fbk.eu/ontologies/virtualcoach#FOOD-1320	http://purl.obolibrary.org/obo/FOODON_03412116
http://www.fbk.eu/ontologies/virtualcoach#FOOD-700637	http://purl.obolibrary.org/obo/FOODON_03302389
http://www.fbk.eu/ontologies/virtualcoach#FOOD-9047	http://purl.obolibrary.org/obo/FOODON_00001278
http://www.fbk.eu/ontologies/virtualcoach#FOOD-1088	http://purl.obolibrary.org/obo/FOODON_00002244
http://www.fbk.eu/ontologies/virtualcoach#FOOD-1088	http://purl.obolibrary.org/obo/FOODON_03411010
http://www.fbk.eu/ontologies/virtualcoach#FOOD-908	http://purl.obolibrary.org/obo/FOODON_00002078
http://www.fbk.eu/ontologies/virtualcoach#Alanine	http://purl.obolibrary.org/obo/CHEBI_33704
http://www.fbk.eu/ontologies/virtualcoach#FOOD-319	http://purl.obolibrary.org/obo/FOODON_00001730
http://www.fbk.eu/ontologies/virtualcoach#FOOD-514	http://purl.obolibrary.org/obo/FOODON_00003417
http://www.fbk.eu/ontologies/virtualcoach#FOOD-1325	http://purl.obolibrary.org/obo/FOODON_03411426
http://www.fbk.eu/ontologies/virtualcoach#FOOD-3016	http://purl.obolibrary.org/obo/FOODON_00001587
http://www.fbk.eu/ontologies/virtualcoach#FOOD-10023	http://purl.obolibrary.org/obo/FOODON_00001923
http://www.fbk.eu/ontologies/virtualcoach#FOOD-904	http://purl.obolibrary.org/obo/FOODON_00001174
http://www.fbk.eu/ontologies/virtualcoach#FOOD-904	http://purl.obolibrary.org/obo/FOODON_03316908
http://www.fbk.eu/ontologies/virtualcoach#FOOD-1506	http://purl.obolibrary.org/obo/FOODON_00001950
http://www.fbk.eu/ontologies/virtualcoach#FOOD-1328	http://purl.obolibrary.org/obo/FOODON_03412113
http://www.fbk.eu/ontologies/virtualcoach#FOOD-1328	http://purl.obolibrary.org/obo/FOODON_00001291
http://www.fbk.eu/ontologies/virtualcoach#FOOD-2006	http://purl.obolibrary.org/obo/FOODON_00001733
http://www.fbk.eu/ontologies/virtualcoach#FOOD-012	http://purl.obolibrary.org/obo/FOODON_00002347
http://www.fbk.eu/ontologies/virtualcoach#FOOD-901	http://purl.obolibrary.org/obo/FOODON_00002065
http://www.fbk.eu/ontologies/virtualcoach#FOOD-403	http://purl.obolibrary.org/obo/FOODON_00002119
http://www.fbk.eu/ontologies/virtualcoach#FOOD-8038	http://purl.obolibrary.org/obo/FOODON_00001050
http://www.fbk.eu/ontologies/virtualcoach#FOOD-429	http://purl.obolibrary.org/obo/FOODON_00002495
http://www.fbk.eu/ontologies/virtualcoach#FOOD-4010	http://purl.obolibrary.org/obo/FOODON_03317391
http://www.fbk.eu/ontologies/virtualcoach#FOOD-16	http://purl.obolibrary.org/obo/FOODON_00001759
http://www.fbk.eu/ontologies/virtualcoach#FOOD-4008	http://purl.obolibrary.org/obo/FOODON_00001948
http://www.fbk.eu/ontologies/virtualcoach#FOOD-1804	http://purl.obolibrary.org/obo/FOODON_00001105
http://www.fbk.eu/ontologies/virtualcoach#FOOD-428	http://purl.obolibrary.org/obo/FOODON_00003417
http://www.fbk.eu/ontologies/virtualcoach#FOOD-1721	http://purl.obolibrary.org/obo/FOODON_00001130
http://www.fbk.eu/ontologies/virtualcoach#FOOD-2017	http://purl.obolibrary.org/obo/FOODON_03420271
http://www.fbk.eu/ontologies/virtualcoach#FOOD-2017	http://purl.obolibrary.org/obo/FOODON_00001178
http://www.fbk.eu/ontologies/virtualcoach#FOOD-1303	http://purl.obolibrary.org/obo/FOODON_03411998
http://www.fbk.eu/ontologies/virtualcoach#FOOD-423	http://purl.obolibrary.org/obo/FOODON_00001057
http://www.fbk.eu/ontologies/virtualcoach#FOOD-331	http://purl.obolibrary.org/obo/FOODON_00002142
http://www.fbk.eu/ontologies/virtualcoach#FOOD-888008	http://purl.obolibrary.org/obo/FOODON_00001078
http://www.fbk.eu/ontologies/virtualcoach#FOOD-9	http://purl.obolibrary.org/obo/FOODON_00002062
http://www.fbk.eu/ontologies/virtualcoach#FOOD-911	http://purl.obolibrary.org/obo/FOODON_00001170
http://www.fbk.eu/ontologies/virtualcoach#FOOD-911	http://purl.obolibrary.org/obo/FOODON_03420307
http://www.fbk.eu/ontologies/virtualcoach#FOOD-406	http://purl.obolibrary.org/obo/FOODON_03316257
http://www.fbk.eu/ontologies/virtualcoach#FOOD-888006	http://purl.obolibrary.org/obo/FOODON_00001854
http://www.fbk.eu/ontologies/virtualcoach#FOOD-100230	http://purl.obolibrary.org/obo/FOODON_00001278
http://www.fbk.eu/ontologies/virtualcoach#FOOD-032	http://purl.obolibrary.org/obo/FOODON_00001148
http://www.fbk.eu/ontologies/virtualcoach#FOOD-71786	http://purl.obolibrary.org/obo/FOODON_00002252
http://www.fbk.eu/ontologies/virtualcoach#FOOD-700019	http://purl.obolibrary.org/obo/FOODON_00002351
http://www.fbk.eu/ontologies/virtualcoach#Dressing	http://purl.obolibrary.org/obo/FOODON_00001867
http://www.fbk.eu/ontologies/virtualcoach#FOOD-315	http://purl.obolibrary.org/obo/FOODON_03311885
http://www.fbk.eu/ontologies/virtualcoach#FOOD-1805	http://purl.obolibrary.org/obo/FOODON_03304839
http://www.fbk.eu/ontologies/virtualcoach#FOOD-909	http://purl.obolibrary.org/obo/FOODON_00002232
http://www.fbk.eu/ontologies/virtualcoach#FOOD-909	http://purl.obolibrary.org/obo/FOODON_03420307
http://www.fbk.eu/ontologies/virtualcoach#FOOD-907	http://purl.obolibrary.org/obo/FOODON_00001846
http://www.fbk.eu/ontologies/virtualcoach#FOOD-907	http://purl.obolibrary.org/obo/FOODON_03310387
http://www.fbk.eu/ontologies/virtualcoach#FOOD-1722	http://purl.obolibrary.org/obo/FOODON_00001778
http://www.fbk.eu/ontologies/virtualcoach#FOOD-1516	http://purl.obolibrary.org/obo/FOODON_00002284
http://www.fbk.eu/ontologies/virtualcoach#Proline	http://purl.obolibrary.org/obo/CHEBI_33704
http://www.fbk.eu/ontologies/virtualcoach#Proline	http://purl.obolibrary.org/obo/CHEBI_38260
http://www.fbk.eu/ontologies/virtualcoach#FOOD-100143	http://purl.obolibrary.org/obo/FOODON_00002274
http://www.fbk.eu/ontologies/virtualcoach#FOOD-1902	http://purl.obolibrary.org/obo/FOODON_00002302
http://www.fbk.eu/ontologies/virtualcoach#FOOD-1327	http://purl.obolibrary.org/obo/FOODON_03412250
http://www.fbk.eu/ontologies/virtualcoach#FOOD-407	http://purl.obolibrary.org/obo/FOODON_00002478
http://www.fbk.eu/ontologies/virtualcoach#Breakfast	http://purl.obolibrary.org/obo/NCIT_C80248
http://www.fbk.eu/ontologies/virtualcoach#FOOD-8037	http://purl.obolibrary.org/obo/FOODON_00001070
http://www.fbk.eu/ontologies/virtualcoach#Sausages	http://purl.obolibrary.org/obo/FOODON_00001007
http://www.fbk.eu/ontologies/virtualcoach#FOOD-1309	http://purl.obolibrary.org/obo/FOODON_03411998
http://www.fbk.eu/ontologies/virtualcoach#Lipid	http://purl.obolibrary.org/obo/CHEBI_50860
http://www.fbk.eu/ontologies/virtualcoach#FOOD-100009	http://purl.obolibrary.org/obo/FOODON_00001776
http://www.fbk.eu/ontologies/virtualcoach#FOOD-700016	http://purl.obolibrary.org/obo/FOODON_00002356
http://www.fbk.eu/ontologies/virtualcoach#FOOD-9053	http://purl.obolibrary.org/obo/FOODON_00002017
http://www.fbk.eu/ontologies/virtualcoach#FOOD-335	http://purl.obolibrary.org/obo/FOODON_00001956
http://www.fbk.eu/ontologies/virtualcoach#Histidine	http://purl.obolibrary.org/obo/CHEBI_33704
http://www.fbk.eu/ontologies/virtualcoach#Histidine	http://purl.obolibrary.org/obo/CHEBI_24780
http://www.fbk.eu/ontologies/virtualcoach#Histidine	http://purl.obolibrary.org/obo/CHEBI_33856
http://www.fbk.eu/ontologies/virtualcoach#Histidine	http://purl.obolibrary.org/obo/CHEBI_26167
http://www.fbk.eu/ontologies/virtualcoach#FOOD-425	http://purl.obolibrary.org/obo/FOODON_00002485
http://www.fbk.eu/ontologies/virtualcoach#FOOD-606010	http://purl.obolibrary.org/obo/FOODON_00003205
http://www.fbk.eu/ontologies/virtualcoach#FOOD-1306	http://purl.obolibrary.org/obo/FOODON_03412658
http://www.fbk.eu/ontologies/virtualcoach#IceCream	http://purl.obolibrary.org/obo/FOODON_00001149
http://www.fbk.eu/ontologies/virtualcoach#IceCream	http://purl.obolibrary.org/obo/FOODON_00001878
http://www.fbk.eu/ontologies/virtualcoach#IceCream	http://purl.obolibrary.org/obo/FOODON_00001257
http://www.fbk.eu/ontologies/virtualcoach#FOOD-085	http://purl.obolibrary.org/obo/FOODON_00002830
http://www.fbk.eu/ontologies/virtualcoach#FOOD-310	http://purl.obolibrary.org/obo/FOODON_00001617
http://www.fbk.eu/ontologies/virtualcoach#FOOD-905	http://purl.obolibrary.org/obo/FOODON_00002700
http://www.fbk.eu/ontologies/virtualcoach#FOOD-905	http://purl.obolibrary.org/obo/FOODON_00002139
http://www.fbk.eu/ontologies/virtualcoach#PantothenicAcid	http://purl.obolibrary.org/obo/CHEBI_37622
http://www.fbk.eu/ontologies/virtualcoach#PantothenicAcid	http://purl.obolibrary.org/obo/CHEBI_22823
http://www.fbk.eu/ontologies/virtualcoach#FOOD-100019	http://purl.obolibrary.org/obo/FOODON_00001776
http://www.fbk.eu/ontologies/virtualcoach#FOOD-100184	http://purl.obolibrary.org/obo/FOODON_00001834
http://www.fbk.eu/ontologies/virtualcoach#FOOD-100166	http://purl.obolibrary.org/obo/FOODON_00002098
http://www.fbk.eu/ontologies/virtualcoach#FOOD-100166	http://purl.obolibrary.org/obo/FOODON_03420307
http://www.fbk.eu/ontologies/virtualcoach#FOOD-337	http://purl.obolibrary.org/obo/FOODON_00002150
http://www.fbk.eu/ontologies/virtualcoach#FOOD-421	http://purl.obolibrary.org/obo/FOODON_00001152
http://www.fbk.eu/ontologies/virtualcoach#FOOD-805867	http://purl.obolibrary.org/obo/FOODON_00002020
http://www.fbk.eu/ontologies/virtualcoach#FOOD-700639	http://purl.obolibrary.org/obo/FOODON_00001817
http://www.fbk.eu/ontologies/virtualcoach#ChocolateAndCocoa	http://purl.obolibrary.org/obo/FOODON_00001215
http://www.fbk.eu/ontologies/virtualcoach#FOOD-1313	http://purl.obolibrary.org/obo/FOODON_00001750
http://www.fbk.eu/ontologies/virtualcoach#FOOD-1313	http://purl.obolibrary.org/obo/FOODON_03411835
http://www.fbk.eu/ontologies/virtualcoach#Tyrosine	http://purl.obolibrary.org/obo/CHEBI_33704
http://www.fbk.eu/ontologies/virtualcoach#Tyrosine	http://purl.obolibrary.org/obo/CHEBI_26167
http://www.fbk.eu/ontologies/virtualcoach#Tyrosine	http://purl.obolibrary.org/obo/CHEBI_33856
http://www.fbk.eu/ontologies/virtualcoach#Tryptophan	http://purl.obolibrary.org/obo/CHEBI_33704
http://www.fbk.eu/ontologies/virtualcoach#Tryptophan	http://purl.obolibrary.org/obo/CHEBI_26167
http://www.fbk.eu/ontologies/virtualcoach#Tryptophan	http://purl.obolibrary.org/obo/CHEBI_33856
http://www.fbk.eu/ontologies/virtualcoach#Tryptophan	http://purl.obolibrary.org/obo/CHEBI_38631
http://www.fbk.eu/ontologies/virtualcoach#FOOD-022	http://purl.obolibrary.org/obo/FOODON_00001709
http://www.fbk.eu/ontologies/virtualcoach#Starch	http://purl.obolibrary.org/obo/CHEBI_37163
http://www.fbk.eu/ontologies/virtualcoach#FOOD-8057	http://purl.obolibrary.org/obo/FOODON_00001098
http://www.fbk.eu/ontologies/virtualcoach#FOOD-805166	http://purl.obolibrary.org/obo/FOODON_00002355
http://www.fbk.eu/ontologies/virtualcoach#FOOD-805166	http://purl.obolibrary.org/obo/FOODON_00002139
http://www.fbk.eu/ontologies/virtualcoach#VegetableBasedBeverages	http://purl.obolibrary.org/obo/FOODON_03301444
http://www.fbk.eu/ontologies/virtualcoach#FOOD-8059	http://purl.obolibrary.org/obo/FOODON_03301008
http://www.fbk.eu/ontologies/virtualcoach#FOOD-3004	http://purl.obolibrary.org/obo/FOODON_00001234
http://www.fbk.eu/ontologies/virtualcoach#FOOD-417	http://purl.obolibrary.org/obo/FOODON_00002018
http://www.fbk.eu/ontologies/virtualcoach#FOOD-8029	http://purl.obolibrary.org/obo/FOODON_03411124
http://www.fbk.eu/ontologies/virtualcoach#FOOD-1715	http://purl.obolibrary.org/obo/FOODON_00001778
http://www.fbk.eu/ontologies/virtualcoach#FOOD-1711	http://purl.obolibrary.org/obo/FOODON_00002327
http://www.fbk.eu/ontologies/virtualcoach#FOOD-19022	http://purl.obolibrary.org/obo/FOODON_00001190
http://www.fbk.eu/ontologies/virtualcoach#Methionine	http://purl.obolibrary.org/obo/CHEBI_33704
http://www.fbk.eu/ontologies/virtualcoach#Methionine	http://purl.obolibrary.org/obo/CHEBI_26834
http://www.fbk.eu/ontologies/virtualcoach#FOOD-206	http://purl.obolibrary.org/obo/FOODON_00001194
http://www.fbk.eu/ontologies/virtualcoach#FOOD-500025	http://purl.obolibrary.org/obo/FOODON_00002458
http://www.fbk.eu/ontologies/virtualcoach#AsparticAcid	http://purl.obolibrary.org/obo/CHEBI_33704
http://www.fbk.eu/ontologies/virtualcoach#AsparticAcid	http://purl.obolibrary.org/obo/CHEBI_26167
http://www.fbk.eu/ontologies/virtualcoach#AsparticAcid	http://purl.obolibrary.org/obo/CHEBI_66873
http://www.fbk.eu/ontologies/virtualcoach#FOOD-4002	http://purl.obolibrary.org/obo/FOODON_00001883
http://www.fbk.eu/ontologies/virtualcoach#FOOD-500021	http://purl.obolibrary.org/obo/FOODON_00001656
http://www.fbk.eu/ontologies/virtualcoach#FOOD-900	http://purl.obolibrary.org/obo/FOODON_00002022
http://www.fbk.eu/ontologies/virtualcoach#FOOD-700080	http://purl.obolibrary.org/obo/FOODON_00001199
http://www.fbk.eu/ontologies/virtualcoach#FOOD-700080	http://purl.obolibrary.org/obo/FOODON_00002413
http://www.fbk.eu/ontologies/virtualcoach#Mollusc	http://purl.obolibrary.org/obo/FOODON_03411433
http://www.fbk.eu/ontologies/virtualcoach#FOOD-1316	http://purl.obolibrary.org/obo/FOODON_03412116
http://www.fbk.eu/ontologies/virtualcoach#FOOD-4007	http://purl.obolibrary.org/obo/FOODON_00001948
http://www.fbk.eu/ontologies/virtualcoach#Valine	http://purl.obolibrary.org/obo/CHEBI_22918
http://www.fbk.eu/ontologies/virtualcoach#Valine	http://purl.obolibrary.org/obo/CHEBI_33704
http://www.fbk.eu/ontologies/virtualcoach#FOOD-805080	http://purl.obolibrary.org/obo/FOODON_00002252
http://www.fbk.eu/ontologies/virtualcoach#FOOD-805874	http://purl.obolibrary.org/obo/FOODON_00002081
http://www.fbk.eu/ontologies/virtualcoach#FOOD-341	http://purl.obolibrary.org/obo/FOODON_00003447
http://www.fbk.eu/ontologies/virtualcoach#FOOD-910	http://purl.obolibrary.org/obo/FOODON_00002264
http://www.fbk.eu/ontologies/virtualcoach#FOOD-910	http://purl.obolibrary.org/obo/FOODON_03420307
http://www.fbk.eu/ontologies/virtualcoach#FOOD-1725	http://purl.obolibrary.org/obo/FOODON_00001127
http://www.fbk.eu/ontologies/virtualcoach#FOOD-2003	http://purl.obolibrary.org/obo/FOODON_00001944
http://www.fbk.eu/ontologies/virtualcoach#Galactose	http://purl.obolibrary.org/obo/FOODON_03420108
http://www.fbk.eu/ontologies/virtualcoach#Galactose	http://purl.obolibrary.org/obo/CHEBI_33917
http://www.fbk.eu/ontologies/virtualcoach#FOOD-2012	http://purl.obolibrary.org/obo/FOODON_00001723
http://www.fbk.eu/ontologies/virtualcoach#FOOD-999692	http://purl.obolibrary.org/obo/FOODON_00001625
http://www.fbk.eu/ontologies/virtualcoach#FOOD-9050	http://purl.obolibrary.org/obo/FOODON_03310387
http://www.fbk.eu/ontologies/virtualcoach#FOOD-408	http://purl.obolibrary.org/obo/FOODON_00002343
http://www.fbk.eu/ontologies/virtualcoach#FOOD-606512	http://purl.obolibrary.org/obo/FOODON_00003320
http://www.fbk.eu/ontologies/virtualcoach#FOOD-13	http://purl.obolibrary.org/obo/FOODON_00001089
http://www.fbk.eu/ontologies/virtualcoach#FOOD-13	http://purl.obolibrary.org/obo/FOODON_00001845
http://www.fbk.eu/ontologies/virtualcoach#Isoleucine	http://purl.obolibrary.org/obo/CHEBI_38264
http://www.fbk.eu/ontologies/virtualcoach#FOOD-1264	http://purl.obolibrary.org/obo/FOODON_00002236
http://www.fbk.eu/ontologies/virtualcoach#FOOD-1264	http://purl.obolibrary.org/obo/FOODON_00002819
http://www.fbk.eu/ontologies/virtualcoach#FOOD-415	http://purl.obolibrary.org/obo/FOODON_00002497
http://www.fbk.eu/ontologies/virtualcoach#FOOD-9001	http://purl.obolibrary.org/obo/FOODON_00002219
http://www.fbk.eu/ontologies/virtualcoach#FOOD-313	http://purl.obolibrary.org/obo/FOODON_00003410
http://www.fbk.eu/ontologies/virtualcoach#Flour	http://purl.obolibrary.org/obo/FOODON_00001210
http://www.fbk.eu/ontologies/virtualcoach#FOOD-100092	http://purl.obolibrary.org/obo/FOODON_03411524
http://www.fbk.eu/ontologies/virtualcoach#FOOD-4009	http://purl.obolibrary.org/obo/FOODON_03301014
http://www.fbk.eu/ontologies/virtualcoach#FOOD-1611	http://purl.obolibrary.org/obo/FOODON_03301503
http://www.fbk.eu/ontologies/virtualcoach#FOOD-011	http://purl.obolibrary.org/obo/FOODON_00002347
http://www.fbk.eu/ontologies/virtualcoach#FOOD-100172	http://purl.obolibrary.org/obo/FOODON_00001024
http://www.fbk.eu/ontologies/virtualcoach#Week	http://purl.obolibrary.org/obo/UO_0000003
http://www.fbk.eu/ontologies/virtualcoach#FOOD-10	http://purl.obolibrary.org/obo/FOODON_00001210
http://www.fbk.eu/ontologies/virtualcoach#FOOD-450085	http://purl.obolibrary.org/obo/FOODON_03301585
http://www.fbk.eu/ontologies/virtualcoach#FOOD-3018	http://purl.obolibrary.org/obo/FOODON_00002257
http://www.fbk.eu/ontologies/virtualcoach#FOOD-031	http://purl.obolibrary.org/obo/FOODON_03302330
http://www.fbk.eu/ontologies/virtualcoach#FOOD-078	http://purl.obolibrary.org/obo/FOODON_03301977
http://www.fbk.eu/ontologies/virtualcoach#Day	http://purl.obolibrary.org/obo/UO_0000003
http://www.fbk.eu/ontologies/virtualcoach#FOOD-1900	http://purl.obolibrary.org/obo/FOODON_00001772
http://www.fbk.eu/ontologies/virtualcoach#FOOD-100227	http://purl.obolibrary.org/obo/FOODON_00001278
http://www.fbk.eu/ontologies/virtualcoach#Pastry	http://purl.obolibrary.org/obo/FOODON_00002350
http://www.fbk.eu/ontologies/virtualcoach#NonAlcoholicBeverages	http://purl.obolibrary.org/obo/FOODON_03301977
http://www.fbk.eu/ontologies/virtualcoach#FOOD-502	http://purl.obolibrary.org/obo/FOODON_00003205
http://www.fbk.eu/ontologies/virtualcoach#Cream	http://purl.obolibrary.org/obo/FOODON_03302330
http://www.fbk.eu/ontologies/virtualcoach#FOOD-1151	http://purl.obolibrary.org/obo/FOODON_00001605
http://www.fbk.eu/ontologies/virtualcoach#FOOD-500023	http://purl.obolibrary.org/obo/FOODON_00002459
http://www.fbk.eu/ontologies/virtualcoach#FOOD-382	http://purl.obolibrary.org/obo/FOODON_03316034
http://www.fbk.eu/ontologies/virtualcoach#Beer	http://purl.obolibrary.org/obo/FOODON_00002017
http://www.fbk.eu/ontologies/virtualcoach#FOOD-500019	http://purl.obolibrary.org/obo/FOODON_03411856
http://www.fbk.eu/ontologies/virtualcoach#GlutamicAcid	http://purl.obolibrary.org/obo/CHEBI_33704
http://www.fbk.eu/ontologies/virtualcoach#GlutamicAcid	http://purl.obolibrary.org/obo/CHEBI_26167
http://www.fbk.eu/ontologies/virtualcoach#GlutamicAcid	http://purl.obolibrary.org/obo/FOODON_03412972
http://www.fbk.eu/ontologies/virtualcoach#FOOD-100205	http://purl.obolibrary.org/obo/FOODON_00001073
http://www.fbk.eu/ontologies/virtualcoach#FOOD-666005	http://purl.obolibrary.org/obo/FOODON_03301054
http://www.fbk.eu/ontologies/virtualcoach#FOOD-087	http://purl.obolibrary.org/obo/FOODON_00002013
http://www.fbk.eu/ontologies/virtualcoach#FOOD-062	http://purl.obolibrary.org/obo/FOODON_00001007
http://www.fbk.eu/ontologies/virtualcoach#FOOD-72	http://purl.obolibrary.org/obo/FOODON_00002351
http://www.fbk.eu/ontologies/virtualcoach#FOOD-20	http://purl.obolibrary.org/obo/FOODON_00002351
http://www.fbk.eu/ontologies/virtualcoach#FOOD-100225	http://purl.obolibrary.org/obo/FOODON_00001281
http://www.fbk.eu/ontologies/virtualcoach#Lysine	http://purl.obolibrary.org/obo/CHEBI_35987
http://www.fbk.eu/ontologies/virtualcoach#Lysine	http://purl.obolibrary.org/obo/CHEBI_33704
http://www.fbk.eu/ontologies/virtualcoach#Lysine	http://purl.obolibrary.org/obo/CHEBI_26167
http://www.fbk.eu/ontologies/virtualcoach#FOOD-512	http://purl.obolibrary.org/obo/FOODON_00002280
http://www.fbk.eu/ontologies/virtualcoach#FOOD-1294	http://purl.obolibrary.org/obo/FOODON_00002706
http://www.fbk.eu/ontologies/virtualcoach#FOOD-100106	http://purl.obolibrary.org/obo/FOODON_03412004
http://www.fbk.eu/ontologies/virtualcoach#FOOD-700342	http://purl.obolibrary.org/obo/FOODON_00001696
http://www.fbk.eu/ontologies/virtualcoach#Arginine	http://purl.obolibrary.org/obo/CHEBI_24436
http://www.fbk.eu/ontologies/virtualcoach#Arginine	http://purl.obolibrary.org/obo/CHEBI_33704
http://www.fbk.eu/ontologies/virtualcoach#Arginine	http://purl.obolibrary.org/obo/CHEBI_26167
http://www.fbk.eu/ontologies/virtualcoach#FOOD-100207	http://purl.obolibrary.org/obo/FOODON_03301175
http://www.fbk.eu/ontologies/virtualcoach#FOOD-900546	http://purl.obolibrary.org/obo/FOODON_00001728
http://www.fbk.eu/ontologies/virtualcoach#FOOD-999905	http://purl.obolibrary.org/obo/FOODON_03317391
http://www.fbk.eu/ontologies/virtualcoach#FOOD-068	http://purl.obolibrary.org/obo/FOODON_00001280
http://www.fbk.eu/ontologies/virtualcoach#FOOD-503	http://purl.obolibrary.org/obo/FOODON_00001722
http://www.fbk.eu/ontologies/virtualcoach#FOOD-524	http://purl.obolibrary.org/obo/FOODON_00003449
http://www.fbk.eu/ontologies/virtualcoach#WholeWheatFlour	http://purl.obolibrary.org/obo/FOODON_00001210
http://www.fbk.eu/ontologies/virtualcoach#Glucose	http://purl.obolibrary.org/obo/CHEBI_33917
http://www.fbk.eu/ontologies/virtualcoach#FOOD-1308	http://purl.obolibrary.org/obo/FOODON_03411798
http://www.fbk.eu/ontologies/virtualcoach#FOOD-19067	http://purl.obolibrary.org/obo/FOODON_00002234
http://www.fbk.eu/ontologies/virtualcoach#FOOD-805470	http://purl.obolibrary.org/obo/FOODON_03305367
http://www.fbk.eu/ontologies/virtualcoach#FOOD-702901	http://purl.obolibrary.org/obo/FOODON_03306633
http://www.fbk.eu/ontologies/virtualcoach#ProcessedFish	http://purl.obolibrary.org/obo/FOODON_03315173
http://www.fbk.eu/ontologies/virtualcoach#OlivesAndOliveProducts	http://purl.obolibrary.org/obo/FOODON_00002141
http://www.fbk.eu/ontologies/virtualcoach#FOOD-888014	http://purl.obolibrary.org/obo/FOODON_00001918
