SrcEntity	TgtEntity	Score
omim:609734	ordo:Orphanet_179490	1.0
omim:273300	ordo:Orphanet_363582	1.0
omim:187350	ordo:Orphanet_101435	1.0
omim:177800	ordo:Orphanet_140653	1.0
omim:217095	ordo:Orphanet_98717	1.0
omim:608390	ordo:Orphanet_71859	1.0
omim:614286	ordo:Orphanet_171895	1.0
omim:601626	ordo:Orphanet_171895	1.0
omim:604093	ordo:Orphanet_79360	1.0
omim:167000	ordo:Orphanet_180220	1.0
omim:606407	ordo:Orphanet_79166	1.0
omim:604302	ordo:Orphanet_264704	1.0
omim:614963	ordo:Orphanet_179490	1.0
omim:601808	ordo:Orphanet_261836	1.0
omim:146390	ordo:Orphanet_261836	1.0
omim:114550	ordo:Orphanet_424936	1.0
omim:600955	ordo:Orphanet_179490	1.0
omim:300068	ordo:Orphanet_325351	1.0
omim:601665	ordo:Orphanet_183530	1.0
omim:105580	ordo:Orphanet_424010	1.0
omim:205700	ordo:Orphanet_182047	1.0
omim:260540	ordo:Orphanet_99750	1.0
omim:154800	ordo:Orphanet_90077	1.0
omim:307030	ordo:Orphanet_79179	1.0
omim:309900	ordo:Orphanet_79387	1.0
omim:256000	ordo:Orphanet_68385	1.0
omim:240200	ordo:Orphanet_101958	1.0
omimps:PS193100	ordo:Orphanet_183592	1.0
omimps:PS300352	ordo:Orphanet_79200	1.0
omimps:PS202700	ordo:Orphanet_101987	1.0
omimps:PS234200	ordo:Orphanet_276058	1.0
omimps:PS230400	ordo:Orphanet_98644	1.0
omimps:PS602014	ordo:Orphanet_183592	1.0
omimps:PS607426	ordo:Orphanet_68385	1.0
omimps:PS603041	ordo:Orphanet_104013	1.0
omimps:PS147060	ordo:Orphanet_331217	1.0
omimps:PS184255	ordo:Orphanet_364526	1.0
omimps:PS259100	ordo:Orphanet_93444	1.0
omimps:PS132400	ordo:Orphanet_93429	1.0
omimps:PS136760	ordo:Orphanet_93453	1.0
omimps:PS308240	ordo:Orphanet_140162	1.0
omimps:PS103900	ordo:Orphanet_231641	1.0
omimps:PS103900	ordo:Orphanet_183637	1.0
omimps:PS256730	ordo:Orphanet_183500	1.0
omimps:PS115210	ordo:Orphanet_217632	1.0
omimps:PS115200	ordo:Orphanet_217604	1.0
omimps:PS203100	ordo:Orphanet_79376	1.0
omimps:PS161800	ordo:Orphanet_206656	1.0
omimps:PS160150	ordo:Orphanet_97245	1.0
omimps:PS601419	ordo:Orphanet_206656	1.0
omimps:PS145000	ordo:Orphanet_183634	1.0
omimps:PS160120	ordo:Orphanet_183518	1.0
omimps:PS607765	ordo:Orphanet_163631	1.0
omimps:PS607432	ordo:Orphanet_108991	1.0
omimps:PS309800	ordo:Orphanet_98555	1.0
omimps:PS160900	ordo:Orphanet_206644	1.0
omimps:PS120435	ordo:Orphanet_425003	1.0
omimps:PS306955	ordo:Orphanet_98716	1.0
omimps:PS175800	ordo:Orphanet_79353	1.0
omimps:PS235400	ordo:Orphanet_93573	1.0
omimps:PS601495	ordo:Orphanet_101977	1.0
omimps:PS277450	ordo:Orphanet_68334	1.0
omimps:PS118220	ordo:Orphanet_98497	1.0
omimps:PS131100	ordo:Orphanet_100094	1.0
omimps:PS128100	ordo:Orphanet_183521	1.0
omimps:PS311360	ordo:Orphanet_180208	1.0
omimps:PS602875	ordo:Orphanet_364526	1.0
omimps:PS610805	ordo:Orphanet_93626	1.0
omimps:PS106100	ordo:Orphanet_658	1.0
omimps:PS107250	ordo:Orphanet_97966	1.0
omimps:PS164400	ordo:Orphanet_98540	1.0
omimps:PS270300	ordo:Orphanet_281082	1.0
omimps:PS224120	ordo:Orphanet_293830	1.0
omimps:PS161050	ordo:Orphanet_183454	1.0
omimps:PS305100	ordo:Orphanet_183447	1.0
omimps:PS606215	ordo:Orphanet_98720	1.0
omimps:PS607014	ordo:Orphanet_98638	1.0
omimps:PS214100	ordo:Orphanet_68356	1.0
omimps:PS192500	ordo:Orphanet_101934	1.0
omimps:PS607596	ordo:Orphanet_183530	1.0
omimps:PS309510	ordo:Orphanet_102369	1.0
omimps:PS151660	ordo:Orphanet_98305	1.0
omimps:PS254800	ordo:Orphanet_306756	1.0
omimps:PS130000	ordo:Orphanet_139030	1.0
omimps:PS303350	ordo:Orphanet_183500	1.0
omimps:PS300751	ordo:Orphanet_183651	1.0
omimps:PS123100	ordo:Orphanet_98038	1.0
omimps:PS311200	ordo:Orphanet_294959	1.0
omimps:PS162400	ordo:Orphanet_98497	1.0
omimps:PS190350	ordo:Orphanet_93436	1.0
omimps:PS256450	ordo:Orphanet_97978	1.0
omimps:PS213200	ordo:Orphanet_183518	1.0
omimps:PS188550	ordo:Orphanet_100088	1.0
omimps:PS108600	ordo:Orphanet_183518	1.0
omimps:PS617468	ordo:Orphanet_109007	1.0
omimps:PS253600	ordo:Orphanet_263	1.0
omimps:PS603511	ordo:Orphanet_263	1.0
omimps:PS131760	ordo:Orphanet_79361	1.0
omimps:PS253310	ordo:Orphanet_109007	1.0
omimps:PS242300	ordo:Orphanet_98571	1.0
omimps:PS108120	ordo:Orphanet_109007	1.0
omimps:PS250950	ordo:Orphanet_79163	1.0
omimps:PS605711	ordo:Orphanet_68385	1.0
