SrcEntity	TgtEntity	Score
ncit_largebio:C4459	obo:DOID_3151	1.0
ncit_largebio:C5698	obo:DOID_1993	1.0
ncit_largebio:C8955	obo:DOID_299	1.0
ncit_largebio:C35276	obo:DOID_4090	1.0
ncit_largebio:C126328	obo:DOID_0050439	1.0
ncit_largebio:C85199	obo:DOID_883	1.0
ncit_largebio:C85015	obo:DOID_0050338	1.0
ncit_largebio:C5184	obo:DOID_3017	1.0
ncit_largebio:C125592	obo:DOID_0050736	1.0
ncit_largebio:C5310	obo:DOID_1140	1.0
ncit_largebio:C26972	obo:DOID_2742	1.0
ncit_largebio:C34874	obo:DOID_3342	1.0
ncit_largebio:C26747	obo:DOID_9351	1.0
ncit_largebio:C34469	obo:DOID_8466	1.0
ncit_largebio:C35436	obo:DOID_225	1.0
ncit_largebio:C39824	obo:DOID_6477	1.0
ncit_largebio:C27849	obo:DOID_2870	1.0
ncit_largebio:C27474	obo:DOID_4007	1.0
ncit_largebio:C26798	obo:DOID_0050736	1.0
ncit_largebio:C130983	obo:DOID_0060388	1.0
ncit_largebio:C48576	obo:DOID_5719	1.0
ncit_largebio:C34413	obo:DOID_224	1.0
ncit_largebio:C6143	obo:DOID_4919	1.0
ncit_largebio:C124056	obo:DOID_2256	1.0
ncit_largebio:C5423	obo:DOID_4706	1.0
ncit_largebio:C6685	obo:DOID_4556	1.0
ncit_largebio:C6341	obo:DOID_3308	1.0
ncit_largebio:C27444	obo:DOID_10534	1.0
ncit_largebio:C4618	obo:DOID_0060096	1.0
ncit_largebio:C40188	obo:DOID_3744	1.0
ncit_largebio:C26911	obo:DOID_121	1.0
ncit_largebio:C84695	obo:DOID_8672	1.0
ncit_largebio:C4816	obo:DOID_3159	1.0
ncit_largebio:C84676	obo:DOID_0050737	1.0
ncit_largebio:C9077	obo:DOID_5556	1.0
ncit_largebio:C4161	obo:DOID_6204	1.0
ncit_largebio:C6239	obo:DOID_1357	1.0
ncit_largebio:C5437	obo:DOID_769	1.0
ncit_largebio:C40315	obo:DOID_3069	1.0
ncit_largebio:C26969	obo:DOID_9858	1.0
ncit_largebio:C3146	obo:DOID_3151	1.0
ncit_largebio:C7445	obo:DOID_3069	1.0
ncit_largebio:C6282	obo:DOID_1749	1.0
ncit_largebio:C40187	obo:DOID_3744	1.0
ncit_largebio:C35805	obo:DOID_883	1.0
ncit_largebio:C97083	obo:DOID_934	1.0
ncit_largebio:C5341	obo:DOID_5041	1.0
ncit_largebio:C125488	obo:DOID_0050737	1.0
ncit_largebio:C40328	obo:DOID_0060109	1.0
ncit_largebio:C6935	obo:DOID_1140	1.0
ncit_largebio:C4045	obo:DOID_3181	1.0
ncit_largebio:C3663	obo:DOID_121	1.0
ncit_largebio:C3207	obo:DOID_75	1.0
ncit_largebio:C27038	obo:DOID_9500	1.0
ncit_largebio:C84535	obo:DOID_639	1.0
ncit_largebio:C97177	obo:DOID_1969	1.0
ncit_largebio:C40366	obo:DOID_3458	1.0
ncit_largebio:C34811	obo:DOID_6050	1.0
ncit_largebio:C142172	obo:DOID_14749	1.0
ncit_largebio:C131450	obo:DOID_10609	1.0
ncit_largebio:C7813	obo:DOID_712	1.0
ncit_largebio:C39865	obo:DOID_3856	1.0
ncit_largebio:C40189	obo:DOID_3744	1.0
ncit_largebio:C5536	obo:DOID_1749	1.0
ncit_largebio:C6381	obo:DOID_1294	1.0
ncit_largebio:C5735	obo:DOID_3121	1.0
ncit_largebio:C36086	obo:DOID_6839	1.0
ncit_largebio:C34744	obo:DOID_5614	1.0
ncit_largebio:C116767	obo:DOID_2769	1.0
ncit_largebio:C34447	obo:DOID_1749	1.0
ncit_largebio:C85202	obo:DOID_0050826	1.0
ncit_largebio:C40178	obo:DOID_9460	1.0
ncit_largebio:C34885	obo:DOID_5100	1.0
ncit_largebio:C27102	obo:DOID_2825	1.0
ncit_largebio:C4570	obo:DOID_117	1.0
ncit_largebio:C98949	obo:DOID_0060668	1.0
ncit_largebio:C6068	obo:DOID_0060058	1.0
ncit_largebio:C40018	obo:DOID_4895	1.0
ncit_largebio:C79598	obo:DOID_331	1.0
ncit_largebio:C27467	obo:DOID_8719	1.0
ncit_largebio:C3915	obo:DOID_305	1.0
ncit_largebio:C84937	obo:DOID_9252	1.0
ncit_largebio:C27044	obo:DOID_397	1.0
ncit_largebio:C116006	obo:DOID_974	1.0
ncit_largebio:C4734	obo:DOID_9538	1.0
ncit_largebio:C3507	obo:DOID_7	1.0
ncit_largebio:C35202	obo:DOID_0050827	1.0
ncit_largebio:C99025	obo:DOID_1247	1.0
ncit_largebio:C5553	obo:DOID_0060058	1.0
ncit_largebio:C84923	obo:DOID_0080015	1.0
ncit_largebio:C6779	obo:DOID_3565	1.0
ncit_largebio:C6021	obo:DOID_3382	1.0
ncit_largebio:C34389	obo:DOID_10316	1.0
ncit_largebio:C118634	obo:DOID_0050735	1.0
ncit_largebio:C84797	obo:DOID_0060340	1.0
ncit_largebio:C26685	obo:DOID_780	1.0
ncit_largebio:C3672	obo:DOID_10575	1.0
ncit_largebio:C82833	obo:DOID_0050736	1.0
ncit_largebio:C42086	obo:DOID_540	1.0
ncit_largebio:C9296	obo:DOID_299	1.0
ncit_largebio:C4588	obo:DOID_8719	1.0
ncit_largebio:C82343	obo:DOID_225	1.0
ncit_largebio:C40284	obo:DOID_2101	1.0
ncit_largebio:C27494	obo:DOID_1967	1.0
ncit_largebio:C28194	obo:DOID_341	1.0
ncit_largebio:C4944	obo:DOID_3842	1.0
ncit_largebio:C4109	obo:DOID_2513	1.0
ncit_largebio:C84798	obo:DOID_12558	1.0
ncit_largebio:C27506	obo:DOID_255	1.0
ncit_largebio:C3926	obo:DOID_471	1.0
ncit_largebio:C6483	obo:DOID_9598	1.0
ncit_largebio:C5832	obo:DOID_270	1.0
ncit_largebio:C27505	obo:DOID_255	1.0
ncit_largebio:C7327	obo:DOID_4440	1.0
ncit_largebio:C4199	obo:DOID_8850	1.0
ncit_largebio:C84525	obo:DOID_1387	1.0
ncit_largebio:C45837	obo:DOID_1799	1.0
ncit_largebio:C8271	obo:DOID_5076	1.0
ncit_largebio:C4621	obo:DOID_0060085	1.0
ncit_largebio:C6336	obo:DOID_1974	1.0
ncit_largebio:C5238	obo:DOID_4001	1.0
ncit_largebio:C27147	obo:DOID_0060182	1.0
ncit_largebio:C84689	obo:DOID_11256	1.0
ncit_largebio:C3976	obo:DOID_2253	1.0
ncit_largebio:C40442	obo:DOID_5550	1.0
ncit_largebio:C34849	obo:DOID_934	1.0
ncit_largebio:C94352	obo:DOID_0060044	1.0
ncit_largebio:C6999	obo:DOID_1967	1.0
ncit_largebio:C125706	obo:DOID_13636	1.0
ncit_largebio:C84686	obo:DOID_53	1.0
ncit_largebio:C5790	obo:DOID_5349	1.0
ncit_largebio:C7635	obo:DOID_2645	1.0
ncit_largebio:C84545	obo:DOID_10579	1.0
ncit_largebio:C5293	obo:DOID_3565	1.0
ncit_largebio:C40387	obo:DOID_7521	1.0
ncit_largebio:C128342	obo:DOID_11976	1.0
ncit_largebio:C2851	obo:DOID_526	1.0
ncit_largebio:C6980	obo:DOID_5522	1.0
ncit_largebio:C34752	obo:DOID_0080014	1.0
ncit_largebio:C97159	obo:DOID_0060041	1.0
ncit_largebio:C3500	obo:DOID_870	1.0
ncit_largebio:C85072	obo:DOID_0050836	1.0
ncit_largebio:C6539	obo:DOID_6161	1.0
ncit_largebio:C34973	obo:DOID_1285	1.0
ncit_largebio:C3892	obo:DOID_0060125	1.0
ncit_largebio:C7488	obo:DOID_0050621	1.0
ncit_largebio:C84685	obo:DOID_9884	1.0
ncit_largebio:C35211	obo:DOID_8778	1.0
ncit_largebio:C34445	obo:DOID_302	1.0
ncit_largebio:C4636	obo:DOID_10534	1.0
ncit_largebio:C5272	obo:DOID_3842	1.0
ncit_largebio:C84540	obo:DOID_3153	1.0
ncit_largebio:C3212	obo:DOID_707	1.0
ncit_largebio:C27312	obo:DOID_2834	1.0
ncit_largebio:C6800	obo:DOID_2095	1.0
ncit_largebio:C26721	obo:DOID_1247	1.0
ncit_largebio:C3153	obo:DOID_2152	1.0
ncit_largebio:C8091	obo:DOID_3382	1.0
ncit_largebio:C128426	obo:DOID_13034	1.0
ncit_largebio:C39921	obo:DOID_5842	1.0
ncit_largebio:C34390	obo:DOID_10316	1.0
ncit_largebio:C85221	obo:DOID_5113	1.0
ncit_largebio:C5606	obo:DOID_3030	1.0
ncit_largebio:C84673	obo:DOID_0060036	1.0
ncit_largebio:C35476	obo:DOID_0080008	1.0
ncit_largebio:C27420	obo:DOID_3748	1.0
ncit_largebio:C35434	obo:DOID_2834	1.0
ncit_largebio:C27153	obo:DOID_417	1.0
ncit_largebio:C3762	obo:DOID_2645	1.0
ncit_largebio:C27889	obo:DOID_4471	1.0
ncit_largebio:C7154	obo:DOID_3347	1.0
ncit_largebio:C5569	obo:DOID_3165	1.0
ncit_largebio:C35885	obo:DOID_2345	1.0
ncit_largebio:C148315	obo:DOID_1441	1.0
ncit_largebio:C27168	obo:DOID_0050847	1.0
ncit_largebio:C35014	obo:DOID_2030	1.0
ncit_largebio:C6171	obo:DOID_730	1.0
ncit_largebio:C34553	obo:DOID_10140	1.0
ncit_largebio:C142083	obo:DOID_700	1.0
ncit_largebio:C26900	obo:DOID_14447	1.0
ncit_largebio:C27541	obo:DOID_2513	1.0
ncit_largebio:C120046	obo:DOID_0080100	1.0
ncit_largebio:C4026	obo:DOID_3605	1.0
ncit_largebio:C35775	obo:DOID_240	1.0
ncit_largebio:C42048	obo:DOID_769	1.0
ncit_largebio:C150368	obo:DOID_3753	1.0
ncit_largebio:C6492	obo:DOID_0060092	1.0
ncit_largebio:C3800	obo:DOID_0080189	1.0
ncit_largebio:C6078	obo:DOID_530	1.0
ncit_largebio:C114940	obo:DOID_0050686	1.0
ncit_largebio:C84682	obo:DOID_883	1.0
ncit_largebio:C5440	obo:DOID_5772	1.0
ncit_largebio:C134952	obo:DOID_0050539	1.0
ncit_largebio:C7053	obo:DOID_483	1.0
ncit_largebio:C97168	obo:DOID_1969	1.0
ncit_largebio:C34694	obo:DOID_2559	1.0
ncit_largebio:C36089	obo:DOID_1626	1.0
ncit_largebio:C5707	obo:DOID_5041	1.0
ncit_largebio:C84706	obo:DOID_0050548	1.0
ncit_largebio:C27495	obo:DOID_1967	1.0
ncit_largebio:C27537	obo:DOID_2513	1.0
ncit_largebio:C84779	obo:DOID_0050735	1.0
ncit_largebio:C27579	obo:DOID_2115	1.0
ncit_largebio:C5117	obo:DOID_4921	1.0
ncit_largebio:C40138	obo:DOID_3700	1.0
ncit_largebio:C28397	obo:DOID_1176	1.0
ncit_largebio:C4154	obo:DOID_7608	1.0
ncit_largebio:C5723	obo:DOID_3498	1.0
ncit_largebio:C3088	obo:DOID_1115	1.0
ncit_largebio:C6848	obo:DOID_4893	1.0
ncit_largebio:C3343	obo:DOID_11132	1.0
ncit_largebio:C66950	obo:DOID_299	1.0
ncit_largebio:C3959	obo:DOID_77	1.0
ncit_largebio:C3470	obo:DOID_2723	1.0
ncit_largebio:C118299	obo:DOID_10310	1.0
ncit_largebio:C5158	obo:DOID_1909	1.0
ncit_largebio:C2866	obo:DOID_680	1.0
ncit_largebio:C116380	obo:DOID_417	1.0
ncit_largebio:C3269	obo:DOID_2001	1.0
ncit_largebio:C27332	obo:DOID_1602	1.0
ncit_largebio:C26744	obo:DOID_633	1.0
ncit_largebio:C3557	obo:DOID_1245	1.0
ncit_largebio:C4073	obo:DOID_2133	1.0
ncit_largebio:C3477	obo:DOID_11102	1.0
ncit_largebio:C87072	obo:DOID_6050	1.0
ncit_largebio:C5198	obo:DOID_5997	1.0
ncit_largebio:C36218	obo:DOID_12449	1.0
ncit_largebio:C35329	obo:DOID_8778	1.0
ncit_largebio:C40312	obo:DOID_0060109	1.0
ncit_largebio:C6643	obo:DOID_956	1.0
ncit_largebio:C3547	obo:DOID_201	1.0
ncit_largebio:C123433	obo:DOID_9252	1.0
ncit_largebio:C84734	obo:DOID_2747	1.0
ncit_largebio:C6020	obo:DOID_2596	1.0
ncit_largebio:C3468	obo:DOID_0060060	1.0
ncit_largebio:C34771	obo:DOID_9065	1.0
ncit_largebio:C27922	obo:DOID_684	1.0
ncit_largebio:C5401	obo:DOID_0050902	1.0
ncit_largebio:C9080	obo:DOID_3275	1.0
ncit_largebio:C4227	obo:DOID_8923	1.0
ncit_largebio:C9300	obo:DOID_1240	1.0
ncit_largebio:C27407	obo:DOID_10021	1.0
ncit_largebio:C5061	obo:DOID_730	1.0
ncit_largebio:C133727	obo:DOID_0050737	1.0
ncit_largebio:C26769	obo:DOID_13934	1.0
ncit_largebio:C27340	obo:DOID_4029	1.0
ncit_largebio:C4855	obo:DOID_2596	1.0
ncit_largebio:C84489	obo:DOID_535	1.0
ncit_largebio:C98978	obo:DOID_0060340	1.0
ncit_largebio:C3997	obo:DOID_0050902	1.0
ncit_largebio:C34500	obo:DOID_974	1.0
ncit_largebio:C5301	obo:DOID_3565	1.0
ncit_largebio:C84987	obo:DOID_0080015	1.0
ncit_largebio:C75463	obo:DOID_0080014	1.0
ncit_largebio:C34585	obo:DOID_397	1.0
ncit_largebio:C5515	obo:DOID_0060058	1.0
ncit_largebio:C6940	obo:DOID_10354	1.0
ncit_largebio:C40446	obo:DOID_1100	1.0
ncit_largebio:C4448	obo:DOID_4876	1.0
ncit_largebio:C3129	obo:DOID_6098	1.0
ncit_largebio:C96835	obo:DOID_5437	1.0
ncit_largebio:C9013	obo:DOID_3307	1.0
ncit_largebio:C2938	obo:DOID_0050828	1.0
ncit_largebio:C84986	obo:DOID_0050736	1.0
ncit_largebio:C150251	obo:DOID_1686	1.0
ncit_largebio:C126327	obo:DOID_0050439	1.0
ncit_largebio:C26715	obo:DOID_37	1.0
ncit_largebio:C32132	obo:DOID_1383	1.0
ncit_largebio:C5479	obo:DOID_5612	1.0
ncit_largebio:C5319	obo:DOID_6085	1.0
ncit_largebio:C84565	obo:DOID_0050338	1.0
ncit_largebio:C84598	obo:DOID_857	1.0
ncit_largebio:C40255	obo:DOID_134	1.0
ncit_largebio:C129068	obo:DOID_0050542	1.0
ncit_largebio:C26838	obo:DOID_0080005	1.0
ncit_largebio:C40381	obo:DOID_1271	1.0
ncit_largebio:C34400	obo:DOID_1557	1.0
ncit_largebio:C65192	obo:DOID_299	1.0
ncit_largebio:C40167	obo:DOID_5127	1.0
ncit_largebio:C126875	obo:DOID_2747	1.0
ncit_largebio:C27195	obo:DOID_9098	1.0
ncit_largebio:C7944	obo:DOID_6193	1.0
ncit_largebio:C117307	obo:DOID_0050702	1.0
ncit_largebio:C8269	obo:DOID_5074	1.0
ncit_largebio:C41618	obo:DOID_4928	1.0
ncit_largebio:C9184	obo:DOID_6903	1.0
ncit_largebio:C39810	obo:DOID_6257	1.0
ncit_largebio:C7751	obo:DOID_3165	1.0
ncit_largebio:C126746	obo:DOID_2978	1.0
ncit_largebio:C40159	obo:DOID_1005	1.0
ncit_largebio:C85037	obo:DOID_850	1.0
ncit_largebio:C3654	obo:DOID_869	1.0
ncit_largebio:C6497	obo:DOID_1907	1.0
ncit_largebio:C3862	obo:DOID_1612	1.0
ncit_largebio:C6885	obo:DOID_3275	1.0
ncit_largebio:C5309	obo:DOID_1364	1.0
ncit_largebio:C3071	obo:DOID_0060005	1.0
ncit_largebio:C4833	obo:DOID_403	1.0
ncit_largebio:C5481	obo:DOID_76	1.0
ncit_largebio:C116815	obo:DOID_9700	1.0
ncit_largebio:C35492	obo:DOID_0060048	1.0
ncit_largebio:C35614	obo:DOID_0060048	1.0
ncit_largebio:C53686	obo:DOID_3540	1.0
ncit_largebio:C5750	obo:DOID_916	1.0
ncit_largebio:C26845	obo:DOID_0050890	1.0
ncit_largebio:C40034	obo:DOID_6067	1.0
ncit_largebio:C75121	obo:DOID_0090020	1.0
ncit_largebio:C126329	obo:DOID_0050439	1.0
ncit_largebio:C6727	obo:DOID_0050736	1.0
ncit_largebio:C7361	obo:DOID_1909	1.0
ncit_largebio:C84919	obo:DOID_557	1.0
ncit_largebio:C75100	obo:DOID_225	1.0
ncit_largebio:C34833	obo:DOID_83	1.0
ncit_largebio:C60641	obo:DOID_1520	1.0
ncit_largebio:C6977	obo:DOID_0060082	1.0
ncit_largebio:C35114	obo:DOID_866	1.0
ncit_largebio:C94407	obo:DOID_381	1.0
ncit_largebio:C150646	obo:DOID_0050539	1.0
ncit_largebio:C5323	obo:DOID_956	1.0
ncit_largebio:C4877	obo:DOID_1896	1.0
ncit_largebio:C35030	obo:DOID_883	1.0
ncit_largebio:C50515	obo:DOID_4677	1.0
ncit_largebio:C78246	obo:DOID_1787	1.0
ncit_largebio:C84479	obo:DOID_1247	1.0
ncit_largebio:C6615	obo:DOID_4050	1.0
ncit_largebio:C6996	obo:DOID_289	1.0
ncit_largebio:C4769	obo:DOID_53	1.0
ncit_largebio:C94334	obo:DOID_10937	1.0
ncit_largebio:C5576	obo:DOID_5274	1.0
ncit_largebio:C142805	obo:DOID_0060440	1.0
ncit_largebio:C40142	obo:DOID_5727	1.0
ncit_largebio:C3871	obo:DOID_0060119	1.0
ncit_largebio:C34360	obo:DOID_1701	1.0
ncit_largebio:C40299	obo:DOID_657	1.0
ncit_largebio:C34353	obo:DOID_11204	1.0
ncit_largebio:C6093	obo:DOID_0060071	1.0
ncit_largebio:C34525	obo:DOID_1307	1.0
ncit_largebio:C8190	obo:DOID_7585	1.0
ncit_largebio:C34980	obo:DOID_341	1.0
ncit_largebio:C92562	obo:DOID_93	1.0
ncit_largebio:C61253	obo:DOID_10579	1.0
ncit_largebio:C6552	obo:DOID_5557	1.0
ncit_largebio:C128402	obo:DOID_8566	1.0
ncit_largebio:C4820	obo:DOID_934	1.0
ncit_largebio:C6454	obo:DOID_3275	1.0
ncit_largebio:C128064	obo:DOID_289	1.0
ncit_largebio:C124852	obo:DOID_225	1.0
ncit_largebio:C9142	obo:DOID_5604	1.0
ncit_largebio:C27591	obo:DOID_3418	1.0
ncit_largebio:C4452	obo:DOID_4556	1.0
ncit_largebio:C5155	obo:DOID_769	1.0
ncit_largebio:C27135	obo:DOID_1602	1.0
ncit_largebio:C4333	obo:DOID_3565	1.0
ncit_largebio:C84678	obo:DOID_540	1.0
ncit_largebio:C34844	obo:DOID_1184	1.0
ncit_largebio:C35441	obo:DOID_11335	1.0
ncit_largebio:C36077	obo:DOID_4928	1.0
ncit_largebio:C5241	obo:DOID_154	1.0
ncit_largebio:C88411	obo:DOID_2030	1.0
ncit_largebio:C75018	obo:DOID_0050736	1.0
ncit_largebio:C123200	obo:DOID_0050737	1.0
ncit_largebio:C129070	obo:DOID_9252	1.0
ncit_largebio:C148369	obo:DOID_0050557	1.0
ncit_largebio:C3727	obo:DOID_1749	1.0
ncit_largebio:C9311	obo:DOID_120	1.0
ncit_largebio:C128360	obo:DOID_530	1.0
ncit_largebio:C125696	obo:DOID_13359	1.0
ncit_largebio:C61249	obo:DOID_1247	1.0
ncit_largebio:C50655	obo:DOID_61	1.0
ncit_largebio:C84533	obo:DOID_2444	1.0
ncit_largebio:C26915	obo:DOID_417	1.0
ncit_largebio:C6767	obo:DOID_5032	1.0
ncit_largebio:C27925	obo:DOID_3905	1.0
ncit_largebio:C50466	obo:DOID_10273	1.0
ncit_largebio:C40220	obo:DOID_4521	1.0
ncit_largebio:C122662	obo:DOID_2747	1.0
ncit_largebio:C27021	obo:DOID_0060182	1.0
ncit_largebio:C61255	obo:DOID_653	1.0
ncit_largebio:C3154	obo:DOID_2978	1.0
ncit_largebio:C3080	obo:DOID_114	1.0
ncit_largebio:C3098	obo:DOID_934	1.0
ncit_largebio:C9100	obo:DOID_8719	1.0
ncit_largebio:C7383	obo:DOID_4006	1.0
ncit_largebio:C4076	obo:DOID_2113	1.0
ncit_largebio:C3505	obo:DOID_2723	1.0
ncit_largebio:C4176	obo:DOID_4933	1.0
ncit_largebio:C34806	obo:DOID_0060159	1.0
ncit_largebio:C40242	obo:DOID_119	1.0
ncit_largebio:C79702	obo:DOID_4123	1.0
ncit_largebio:C61246	obo:DOID_0060704	1.0
ncit_largebio:C27507	obo:DOID_255	1.0
ncit_largebio:C26977	obo:DOID_4029	1.0
ncit_largebio:C40180	obo:DOID_9460	1.0
ncit_largebio:C75486	obo:DOID_896	1.0
ncit_largebio:C5714	obo:DOID_1793	1.0
ncit_largebio:C122814	obo:DOID_0050702	1.0
ncit_largebio:C6834	obo:DOID_657	1.0
ncit_largebio:C94362	obo:DOID_150	1.0
ncit_largebio:C26802	obo:DOID_649	1.0
ncit_largebio:C98674	obo:DOID_9252	1.0
ncit_largebio:C2924	obo:DOID_8791	1.0
ncit_largebio:C7449	obo:DOID_3616	1.0
ncit_largebio:C98894	obo:DOID_1682	1.0
ncit_largebio:C5189	obo:DOID_3017	1.0
ncit_largebio:C8030	obo:DOID_285	1.0
ncit_largebio:C4720	obo:DOID_3565	1.0
ncit_largebio:C85182	obo:DOID_1387	1.0
ncit_largebio:C7401	obo:DOID_285	1.0
ncit_largebio:C35044	obo:DOID_225	1.0
ncit_largebio:C6780	obo:DOID_9500	1.0
ncit_largebio:C71079	obo:DOID_934	1.0
ncit_largebio:C3008	obo:DOID_225	1.0
ncit_largebio:C39885	obo:DOID_2526	1.0
ncit_largebio:C41245	obo:DOID_7234	1.0
ncit_largebio:C5063	obo:DOID_3906	1.0
ncit_largebio:C8272	obo:DOID_5076	1.0
ncit_largebio:C6549	obo:DOID_5550	1.0
ncit_largebio:C39956	obo:DOID_0060087	1.0
ncit_largebio:C6902	obo:DOID_3302	1.0
ncit_largebio:C75118	obo:DOID_0050736	1.0
ncit_largebio:C40086	obo:DOID_5897	1.0
ncit_largebio:C129029	obo:DOID_9252	1.0
ncit_largebio:C28182	obo:DOID_934	1.0
ncit_largebio:C128396	obo:DOID_883	1.0
ncit_largebio:C35056	obo:DOID_4166	1.0
ncit_largebio:C9041	obo:DOID_4706	1.0
ncit_largebio:C4525	obo:DOID_263	1.0
ncit_largebio:C5592	obo:DOID_3541	1.0
ncit_largebio:C4332	obo:DOID_3565	1.0
ncit_largebio:C6561	obo:DOID_5940	1.0
ncit_largebio:C40368	obo:DOID_3458	1.0
ncit_largebio:C5205	obo:DOID_5998	1.0
ncit_largebio:C27377	obo:DOID_5861	1.0
ncit_largebio:C26808	obo:DOID_1074	1.0
ncit_largebio:C6451	obo:DOID_0060058	1.0
ncit_largebio:C148316	obo:DOID_1441	1.0
ncit_largebio:C6344	obo:DOID_3702	1.0
ncit_largebio:C84475	obo:DOID_1176	1.0
ncit_largebio:C84675	obo:DOID_9884	1.0
ncit_largebio:C84733	obo:DOID_2747	1.0
ncit_largebio:C85009	obo:DOID_0050736	1.0
ncit_largebio:C26869	obo:DOID_3082	1.0
ncit_largebio:C128114	obo:DOID_13810	1.0
ncit_largebio:C6167	obo:DOID_299	1.0
ncit_largebio:C84761	obo:DOID_655	1.0
ncit_largebio:C6278	obo:DOID_2025	1.0
ncit_largebio:C2923	obo:DOID_3910	1.0
ncit_largebio:C5661	obo:DOID_5136	1.0
ncit_largebio:C36529	obo:DOID_0080014	1.0
ncit_largebio:C34479	obo:DOID_4483	1.0
ncit_largebio:C84609	obo:DOID_2256	1.0
ncit_largebio:C62591	obo:DOID_53	1.0
ncit_largebio:C35131	obo:DOID_229	1.0
ncit_largebio:C98877	obo:DOID_5614	1.0
ncit_largebio:C40258	obo:DOID_5402	1.0
ncit_largebio:C40136	obo:DOID_3700	1.0
ncit_largebio:C35777	obo:DOID_5502	1.0
ncit_largebio:C3722	obo:DOID_403	1.0
ncit_largebio:C62569	obo:DOID_37	1.0
ncit_largebio:C7950	obo:DOID_0050938	1.0
ncit_largebio:C5630	obo:DOID_6003	1.0
ncit_largebio:C34478	obo:DOID_8515	1.0
ncit_largebio:C26720	obo:DOID_780	1.0
ncit_largebio:C126810	obo:DOID_4479	1.0
ncit_largebio:C131195	obo:DOID_1924	1.0
ncit_largebio:C84826	obo:DOID_0050890	1.0
ncit_largebio:C40234	obo:DOID_4995	1.0
ncit_largebio:C6754	obo:DOID_6856	1.0
ncit_largebio:C85039	obo:DOID_6432	1.0
ncit_largebio:C39874	obo:DOID_3750	1.0
ncit_largebio:C123414	obo:DOID_0060674	1.0
ncit_largebio:C3247	obo:DOID_4960	1.0
ncit_largebio:C99109	obo:DOID_0050557	1.0
ncit_largebio:C35337	obo:DOID_1184	1.0
ncit_largebio:C3739	obo:DOID_4231	1.0
ncit_largebio:C3041	obo:DOID_0060084	1.0
ncit_largebio:C95616	obo:DOID_5041	1.0
ncit_largebio:C4265	obo:DOID_4905	1.0
ncit_largebio:C4365	obo:DOID_4645	1.0
ncit_largebio:C5187	obo:DOID_3017	1.0
ncit_largebio:C9305	obo:DOID_14566	1.0
ncit_largebio:C123037	obo:DOID_557	1.0
ncit_largebio:C4827	obo:DOID_769	1.0
ncit_largebio:C6904	obo:DOID_0050902	1.0
ncit_largebio:C142893	obo:DOID_2476	1.0
ncit_largebio:C84316	obo:DOID_26	1.0
ncit_largebio:C7780	obo:DOID_3347	1.0
ncit_largebio:C9286	obo:DOID_3664	1.0
ncit_largebio:C7641	obo:DOID_738	1.0
ncit_largebio:C5373	obo:DOID_0050828	1.0
ncit_largebio:C27538	obo:DOID_2513	1.0
ncit_largebio:C34799	obo:DOID_12365	1.0
ncit_largebio:C66903	obo:DOID_2513	1.0
ncit_largebio:C3252	obo:DOID_461	1.0
ncit_largebio:C4553	obo:DOID_6199	1.0
ncit_largebio:C40079	obo:DOID_2394	1.0
ncit_largebio:C7889	obo:DOID_4906	1.0
ncit_largebio:C84736	obo:DOID_2747	1.0
ncit_largebio:C5236	obo:DOID_2146	1.0
ncit_largebio:C5664	obo:DOID_5391	1.0
ncit_largebio:C84927	obo:DOID_0110734	1.0
ncit_largebio:C27246	obo:DOID_9460	1.0
ncit_largebio:C3696	obo:DOID_4843	1.0
ncit_largebio:C8810	obo:DOID_3347	1.0
ncit_largebio:C85187	obo:DOID_2256	1.0
ncit_largebio:C99105	obo:DOID_225	1.0
ncit_largebio:C6014	obo:DOID_0050615	1.0
ncit_largebio:C113347	obo:DOID_1924	1.0
ncit_largebio:C94379	obo:DOID_2468	1.0
ncit_largebio:C118635	obo:DOID_2256	1.0
ncit_largebio:C125703	obo:DOID_13636	1.0
ncit_largebio:C98893	obo:DOID_10481	1.0
ncit_largebio:C61244	obo:DOID_628	1.0
ncit_largebio:C35798	obo:DOID_2921	1.0
ncit_largebio:C5342	obo:DOID_1107	1.0
ncit_largebio:C98670	obo:DOID_0060160	1.0
ncit_largebio:C84626	obo:DOID_501	1.0
ncit_largebio:C98964	obo:DOID_0060159	1.0
ncit_largebio:C7980	obo:DOID_3605	1.0
ncit_largebio:C3760	obo:DOID_5876	1.0
ncit_largebio:C27025	obo:DOID_870	1.0
ncit_largebio:C35699	obo:DOID_225	1.0
ncit_largebio:C3132	obo:DOID_0060125	1.0
ncit_largebio:C26710	obo:DOID_552	1.0
ncit_largebio:C26717	obo:DOID_9423	1.0
ncit_largebio:C9357	obo:DOID_0060058	1.0
ncit_largebio:C70938	obo:DOID_572	1.0
ncit_largebio:C84718	obo:DOID_0050950	1.0
ncit_largebio:C34918	obo:DOID_1091	1.0
ncit_largebio:C128397	obo:DOID_883	1.0
ncit_largebio:C111856	obo:DOID_11247	1.0
ncit_largebio:C39934	obo:DOID_4085	1.0
ncit_largebio:C84704	obo:DOID_9884	1.0
ncit_largebio:C125704	obo:DOID_13636	1.0
ncit_largebio:C6373	obo:DOID_127	1.0
ncit_largebio:C41617	obo:DOID_4928	1.0
ncit_largebio:C5614	obo:DOID_5274	1.0
ncit_largebio:C6067	obo:DOID_1360	1.0
ncit_largebio:C5603	obo:DOID_14110	1.0
ncit_largebio:C38110	obo:DOID_2513	1.0
ncit_largebio:C6452	obo:DOID_533	1.0
ncit_largebio:C34544	obo:DOID_4223	1.0
ncit_largebio:C34774	obo:DOID_8527	1.0
ncit_largebio:C5169	obo:DOID_0060082	1.0
ncit_largebio:C107377	obo:DOID_7	1.0
ncit_largebio:C3233	obo:DOID_201	1.0
ncit_largebio:C27210	obo:DOID_3418	1.0
ncit_largebio:C129874	obo:DOID_0050565	1.0
ncit_largebio:C35092	obo:DOID_0060038	1.0
ncit_largebio:C9429	obo:DOID_3355	1.0
ncit_largebio:C27005	obo:DOID_1115	1.0
ncit_largebio:C3432	obo:DOID_37	1.0
ncit_largebio:C5232	obo:DOID_2146	1.0
ncit_largebio:C35823	obo:DOID_75	1.0
ncit_largebio:C84830	obo:DOID_1441	1.0
ncit_largebio:C84905	obo:DOID_3883	1.0
ncit_largebio:C4789	obo:DOID_0060085	1.0
ncit_largebio:C34575	obo:DOID_3798	1.0
ncit_largebio:C40443	obo:DOID_2394	1.0
ncit_largebio:C34743	obo:DOID_4677	1.0
ncit_largebio:C35397	obo:DOID_10316	1.0
ncit_largebio:C3205	obo:DOID_0060073	1.0
ncit_largebio:C128332	obo:DOID_848	1.0
ncit_largebio:C85228	obo:DOID_5295	1.0
ncit_largebio:C5395	obo:DOID_483	1.0
ncit_largebio:C2946	obo:DOID_201	1.0
ncit_largebio:C5715	obo:DOID_1793	1.0
ncit_largebio:C2952	obo:DOID_0060180	1.0
ncit_largebio:C6208	obo:DOID_6052	1.0
ncit_largebio:C118722	obo:DOID_530	1.0
ncit_largebio:C8383	obo:DOID_731	1.0
ncit_largebio:C134954	obo:DOID_0050541	1.0
ncit_largebio:C26846	obo:DOID_48	1.0
ncit_largebio:C6185	obo:DOID_3382	1.0
ncit_largebio:C38150	obo:DOID_3316	1.0
ncit_largebio:C84612	obo:DOID_9252	1.0
ncit_largebio:C6194	obo:DOID_305	1.0
ncit_largebio:C4330	obo:DOID_3565	1.0
ncit_largebio:C26735	obo:DOID_1579	1.0
ncit_largebio:C27944	obo:DOID_1626	1.0
ncit_largebio:C84788	obo:DOID_0050703	1.0
ncit_largebio:C27169	obo:DOID_0050847	1.0
ncit_largebio:C2869	obo:DOID_74	1.0
ncit_largebio:C84707	obo:DOID_417	1.0
ncit_largebio:C4254	obo:DOID_3315	1.0
ncit_largebio:C26749	obo:DOID_169	1.0
ncit_largebio:C26763	obo:DOID_289	1.0
ncit_largebio:C27824	obo:DOID_0060073	1.0
ncit_largebio:C85028	obo:DOID_480	1.0
ncit_largebio:C7788	obo:DOID_76	1.0
ncit_largebio:C6026	obo:DOID_255	1.0
ncit_largebio:C39925	obo:DOID_5344	1.0
ncit_largebio:C119677	obo:DOID_906	1.0
ncit_largebio:C3869	obo:DOID_254	1.0
ncit_largebio:C5367	obo:DOID_5940	1.0
ncit_largebio:C35602	obo:DOID_5221	1.0
ncit_largebio:C34854	obo:DOID_225	1.0
ncit_largebio:C4962	obo:DOID_533	1.0
ncit_largebio:C5234	obo:DOID_1967	1.0
ncit_largebio:C61262	obo:DOID_12798	1.0
ncit_largebio:C117009	obo:DOID_10024	1.0
ncit_largebio:C38151	obo:DOID_3314	1.0
ncit_largebio:C40012	obo:DOID_2640	1.0
ncit_largebio:C6049	obo:DOID_127	1.0
ncit_largebio:C7959	obo:DOID_3250	1.0
ncit_largebio:C85231	obo:DOID_0050339	1.0
ncit_largebio:C84916	obo:DOID_9598	1.0
ncit_largebio:C7975	obo:DOID_4896	1.0
ncit_largebio:C113400	obo:DOID_409	1.0
ncit_largebio:C8112	obo:DOID_5566	1.0
ncit_largebio:C3319	obo:DOID_0050829	1.0
ncit_largebio:C84496	obo:DOID_0050828	1.0
ncit_largebio:C7737	obo:DOID_1115	1.0
ncit_largebio:C39839	obo:DOID_3711	1.0
ncit_largebio:C3758	obo:DOID_657	1.0
ncit_largebio:C27530	obo:DOID_3315	1.0
ncit_largebio:C120188	obo:DOID_3765	1.0
ncit_largebio:C124837	obo:DOID_225	1.0
ncit_largebio:C5961	obo:DOID_0060103	1.0
ncit_largebio:C6311	obo:DOID_9460	1.0
ncit_largebio:C142806	obo:DOID_0050731	1.0
ncit_largebio:C5418	obo:DOID_956	1.0
ncit_largebio:C3965	obo:DOID_0050427	1.0
ncit_largebio:C12264	obo:DOID_0080015	1.0
ncit_largebio:C41620	obo:DOID_4928	1.0
ncit_largebio:C4527	obo:DOID_263	1.0
ncit_largebio:C36470	obo:DOID_0060388	1.0
ncit_largebio:C85002	obo:DOID_0050736	1.0
ncit_largebio:C34644	obo:DOID_2921	1.0
ncit_largebio:C39576	obo:DOID_6688	1.0
ncit_largebio:C27107	obo:DOID_11963	1.0
ncit_largebio:C4716	obo:DOID_502	1.0
ncit_largebio:C3640	obo:DOID_8719	1.0
ncit_largebio:C5269	obo:DOID_6112	1.0
ncit_largebio:C27939	obo:DOID_8791	1.0
ncit_largebio:C3342	obo:DOID_5395	1.0
ncit_largebio:C7267	obo:DOID_6658	1.0
ncit_largebio:C4778	obo:DOID_731	1.0
ncit_largebio:C84912	obo:DOID_66	1.0
ncit_largebio:C4860	obo:DOID_1115	1.0
ncit_largebio:C75020	obo:DOID_2256	1.0
ncit_largebio:C5375	obo:DOID_175	1.0
ncit_largebio:C84633	obo:DOID_480	1.0
ncit_largebio:C39819	obo:DOID_6477	1.0
ncit_largebio:C75469	obo:DOID_0060388	1.0
ncit_largebio:C84624	obo:DOID_936	1.0
ncit_largebio:C101304	obo:DOID_11252	1.0
ncit_largebio:C131420	obo:DOID_2256	1.0
ncit_largebio:C5237	obo:DOID_2394	1.0
ncit_largebio:C36098	obo:DOID_2096	1.0
ncit_largebio:C84720	obo:DOID_2978	1.0
ncit_largebio:C26806	obo:DOID_10124	1.0
ncit_largebio:C6804	obo:DOID_154	1.0
ncit_largebio:C35400	obo:DOID_5844	1.0
ncit_largebio:C5743	obo:DOID_3500	1.0
ncit_largebio:C3843	obo:DOID_2394	1.0
ncit_largebio:C40407	obo:DOID_2154	1.0
ncit_largebio:C40314	obo:DOID_0060109	1.0
ncit_largebio:C34415	obo:DOID_225	1.0
ncit_largebio:C84663	obo:DOID_37	1.0
ncit_largebio:C12326	obo:DOID_0080015	1.0
ncit_largebio:C6967	obo:DOID_1664	1.0
ncit_largebio:C111888	obo:DOID_2723	1.0
ncit_largebio:C129306	obo:DOID_225	1.0
ncit_largebio:C5803	obo:DOID_7505	1.0
ncit_largebio:C98997	obo:DOID_0080015	1.0
ncit_largebio:C125698	obo:DOID_13359	1.0
ncit_largebio:C40031	obo:DOID_0060112	1.0
