SrcEntity	TgtEntity	Score
omim:273300	ordo:Orphanet_363582	1.0
omim:217095	ordo:Orphanet_98717	1.0
omimps:PS602014	ordo:Orphanet_183592	1.0
omimps:PS607014	ordo:Orphanet_98638	1.0
omim:187350	ordo:Orphanet_101435	1.0
omimps:PS610805	ordo:Orphanet_93626	1.0
omimps:PS161050	ordo:Orphanet_183454	1.0
omimps:PS108120	ordo:Orphanet_109007	1.0
omimps:PS192500	ordo:Orphanet_101934	1.0
omimps:PS306955	ordo:Orphanet_98716	1.0
omimps:PS164400	ordo:Orphanet_98540	1.0
omimps:PS108600	ordo:Orphanet_183518	1.0
omim:601808	ordo:Orphanet_261836	1.0
omim:177800	ordo:Orphanet_140653	1.0
omimps:PS115210	ordo:Orphanet_217632	1.0
omimps:PS106100	ordo:Orphanet_658	1.0
omimps:PS305100	ordo:Orphanet_183447	1.0
omim:154800	ordo:Orphanet_90077	1.0
omimps:PS606215	ordo:Orphanet_98720	1.0
omim:105580	ordo:Orphanet_424010	1.0
omimps:PS311360	ordo:Orphanet_180208	1.0
