SrcEntity	TgtEntity	Score
snomed:70401000	ncit_largebio:C62241	1.0
snomed:10291008	ncit_largebio:C3944	1.0
snomed:128635005	ncit_largebio:C2929	1.0
snomed:143291000119104	ncit_largebio:C158581	1.0
snomed:315058005	ncit_largebio:C165470	1.0
snomed:128661009	ncit_largebio:C62241	1.0
snomed:404070007	ncit_largebio:C62277	1.0
snomed:188498009	ncit_largebio:C7340	1.0
snomed:128794002	ncit_largebio:C45230	1.0
snomed:3172003	ncit_largebio:C7340	1.0
snomed:63402005	ncit_largebio:C54705	1.0
snomed:403824007	ncit_largebio:C54705	1.0
snomed:302840001	ncit_largebio:C62277	1.0
snomed:836276000	ncit_largebio:C27809	1.0
snomed:82267002	ncit_largebio:C62241	1.0
snomed:81446001	ncit_largebio:C62241	1.0
snomed:277573001	ncit_largebio:C27356	1.0
snomed:402841001	ncit_largebio:C2874	1.0
snomed:128741006	ncit_largebio:C26326	1.0
snomed:398660000	ncit_largebio:C7571	1.0
snomed:35962006	ncit_largebio:C3075	1.0
snomed:118599009	ncit_largebio:C27809	1.0
snomed:238701007	ncit_largebio:C3341	1.0
snomed:19750001	ncit_largebio:C7340	1.0
snomed:9273005	ncit_largebio:C5679	1.0
snomed:277612005	ncit_largebio:C27809	1.0
snomed:10060008	ncit_largebio:C62241	1.0
snomed:88580009	ncit_largebio:C35516	1.0
snomed:72969003	ncit_largebio:C62241	1.0
snomed:254804007	ncit_largebio:C7571	1.0
snomed:53633000	ncit_largebio:C8372	1.0
snomed:277629008	ncit_largebio:C27258	1.0
snomed:51217003	ncit_largebio:C45922	1.0
snomed:239118007	ncit_largebio:C3075	1.0
snomed:404080006	ncit_largebio:C62277	1.0
snomed:134335004	ncit_largebio:C7076	1.0
snomed:715903004	ncit_largebio:C66818	1.0
snomed:5958006	ncit_largebio:C35726	1.0
snomed:239115005	ncit_largebio:C3075	1.0
snomed:65140001	ncit_largebio:C62277	1.0
snomed:277628000	ncit_largebio:C27827	1.0
snomed:403939009	ncit_largebio:C62241	1.0
snomed:2710003	ncit_largebio:C3337	1.0
