SrcEntity	TgtEntity	Score
snomed:108468004	ncit_largebio:C38149	1.0
snomed:387468003	ncit_largebio:C2198	1.0
snomed:427021006	ncit_largebio:C67413	1.0
snomed:714092005	ncit_largebio:C277	1.0
snomed:96378009	ncit_largebio:C1892	1.0
snomed:703350008	ncit_largebio:C744	1.0
snomed:325238000	ncit_largebio:C97936	1.0
snomed:69708003	ncit_largebio:C1012	1.0
snomed:732257004	ncit_largebio:C2185	1.0
snomed:387078006	ncit_largebio:C49186	1.0
snomed:2100004	ncit_largebio:C29756	1.0
snomed:79736009	ncit_largebio:C514	1.0
snomed:82230005	ncit_largebio:C93038	1.0
snomed:396063006	ncit_largebio:C29710	1.0
snomed:766972001	ncit_largebio:C146993	1.0
snomed:412261005	ncit_largebio:C281	1.0
snomed:116530002	ncit_largebio:C29697	1.0
snomed:57376006	ncit_largebio:C29730	1.0
snomed:82746003	ncit_largebio:C1012	1.0
snomed:317911001	ncit_largebio:C78322	1.0
snomed:62444006	ncit_largebio:C29747	1.0
snomed:713432007	ncit_largebio:C29756	1.0
snomed:372856003	ncit_largebio:C29578	1.0
snomed:870592005	ncit_largebio:C281	1.0
snomed:386950000	ncit_largebio:C80483	1.0
snomed:108838001	ncit_largebio:C78568	1.0
snomed:387212009	ncit_largebio:C2160	1.0
snomed:75327003	ncit_largebio:C29578	1.0
snomed:421592007	ncit_largebio:C29698	1.0
snomed:387290000	ncit_largebio:C29747	1.0
snomed:108377005	ncit_largebio:C221	1.0
snomed:96127006	ncit_largebio:C250	1.0
snomed:322052003	ncit_largebio:C29707	1.0
snomed:386981009	ncit_largebio:C2169	1.0
snomed:763219002	ncit_largebio:C28394	1.0
snomed:387319002	ncit_largebio:C29730	1.0
snomed:77898008	ncit_largebio:C29738	1.0
snomed:319452005	ncit_largebio:C1892	1.0
snomed:387380005	ncit_largebio:C2089	1.0
snomed:108476002	ncit_largebio:C49184	1.0
snomed:703127006	ncit_largebio:C47795	1.0
snomed:96097002	ncit_largebio:C29575	1.0
snomed:716059001	ncit_largebio:C932	1.0
snomed:108386000	ncit_largebio:C29710	1.0
snomed:108473005	ncit_largebio:C38149	1.0
snomed:27479000	ncit_largebio:C1557	1.0
snomed:19261000122107	ncit_largebio:C29698	1.0
snomed:349894007	ncit_largebio:C38149	1.0
snomed:698196008	ncit_largebio:C29707	1.0
snomed:72808007	ncit_largebio:C257	1.0
snomed:349819003	ncit_largebio:C66880	1.0
snomed:715187001	ncit_largebio:C155725	1.0
snomed:708199003	ncit_largebio:C1909	1.0
snomed:428127005	ncit_largebio:C1909	1.0
snomed:52883001	ncit_largebio:C29747	1.0
snomed:717094004	ncit_largebio:C29578	1.0
snomed:40404004	ncit_largebio:C29707	1.0
snomed:428715002	ncit_largebio:C29710	1.0
snomed:395891007	ncit_largebio:C66883	1.0
snomed:387088007	ncit_largebio:C29699	1.0
snomed:387441003	ncit_largebio:C1590	1.0
snomed:108531000	ncit_largebio:C333	1.0
snomed:703580004	ncit_largebio:C129825	1.0
snomed:26462003	ncit_largebio:C29578	1.0
snomed:109006003	ncit_largebio:C78311	1.0
snomed:16628008	ncit_largebio:C1910	1.0
snomed:372895002	ncit_largebio:C47796	1.0
snomed:395255007	ncit_largebio:C47794	1.0
snomed:25796002	ncit_largebio:C257	1.0
snomed:52388000	ncit_largebio:C1909	1.0
snomed:49145008	ncit_largebio:C29705	1.0
snomed:387022005	ncit_largebio:C47795	1.0
snomed:73647000	ncit_largebio:C29705	1.0
snomed:363571003	ncit_largebio:C47794	1.0
snomed:724030003	ncit_largebio:C129825	1.0
snomed:420307001	ncit_largebio:C271	1.0
snomed:763191007	ncit_largebio:C514	1.0
snomed:404851001	ncit_largebio:C94726	1.0
snomed:773185009	ncit_largebio:C547	1.0
snomed:418600009	ncit_largebio:C47795	1.0
snomed:64507008	ncit_largebio:C93038	1.0
snomed:372602008	ncit_largebio:C279	1.0
snomed:398881002	ncit_largebio:C1909	1.0
snomed:321119005	ncit_largebio:C1012	1.0
snomed:404865004	ncit_largebio:C2355	1.0
snomed:420908004	ncit_largebio:C147908	1.0
snomed:734460008	ncit_largebio:C319	1.0
snomed:68444001	ncit_largebio:C67502	1.0
snomed:387325003	ncit_largebio:C514	1.0
snomed:703418002	ncit_largebio:C277	1.0
snomed:449561004	ncit_largebio:C66930	1.0
snomed:816104003	ncit_largebio:C783	1.0
snomed:763582003	ncit_largebio:C67413	1.0
snomed:65982003	ncit_largebio:C29578	1.0
snomed:33675006	ncit_largebio:C29705	1.0
snomed:387297002	ncit_largebio:C697	1.0
snomed:412395006	ncit_largebio:C91402	1.0
snomed:95995002	ncit_largebio:C2198	1.0
snomed:372507007	ncit_largebio:C270	1.0
snomed:96351007	ncit_largebio:C78568	1.0
snomed:372794006	ncit_largebio:C29629	1.0
snomed:91598004	ncit_largebio:C28394	1.0
snomed:108861004	ncit_largebio:C29714	1.0
snomed:372530001	ncit_largebio:C97366	1.0
snomed:117005003	ncit_largebio:C1909	1.0
snomed:326128005	ncit_largebio:C78568	1.0
snomed:412296005	ncit_largebio:C2846	1.0
snomed:426852000	ncit_largebio:C281	1.0
snomed:1153617008	ncit_largebio:C511	1.0
snomed:54882005	ncit_largebio:C47795	1.0
snomed:85408000	ncit_largebio:C29578	1.0
snomed:32474005	ncit_largebio:C29703	1.0
snomed:58962003	ncit_largebio:C514	1.0
snomed:385996000	ncit_largebio:C471	1.0
snomed:788050002	ncit_largebio:C129825	1.0
snomed:387047007	ncit_largebio:C1909	1.0
snomed:108771008	ncit_largebio:C1910	1.0
snomed:708711009	ncit_largebio:C129825	1.0
snomed:91594002	ncit_largebio:C67084	1.0
snomed:350627007	ncit_largebio:C66885	1.0
snomed:373749006	ncit_largebio:C667	1.0
snomed:698256004	ncit_largebio:C1012	1.0
snomed:395908006	ncit_largebio:C274	1.0
snomed:771596001	ncit_largebio:C1909	1.0
snomed:736633008	ncit_largebio:C129825	1.0
snomed:96155005	ncit_largebio:C258	1.0
snomed:108816003	ncit_largebio:C1420	1.0
snomed:53513007	ncit_largebio:C47794	1.0
snomed:370310006	ncit_largebio:C2198	1.0
snomed:412524002	ncit_largebio:C1909	1.0
snomed:422621002	ncit_largebio:C1892	1.0
snomed:890332002	ncit_largebio:C1557	1.0
snomed:395943007	ncit_largebio:C147908	1.0
snomed:96187008	ncit_largebio:C67413	1.0
snomed:108601004	ncit_largebio:C1655	1.0
snomed:373446000	ncit_largebio:C29576	1.0
snomed:372499000	ncit_largebio:C38149	1.0
snomed:765340000	ncit_largebio:C1909	1.0
snomed:108792008	ncit_largebio:C932	1.0
snomed:371367008	ncit_largebio:C1012	1.0
snomed:255884003	ncit_largebio:C28394	1.0
snomed:134571004	ncit_largebio:C1660	1.0
snomed:772194009	ncit_largebio:C1660	1.0
snomed:926369003	ncit_largebio:C1012	1.0
snomed:1010553003	ncit_largebio:C280	1.0
snomed:96233008	ncit_largebio:C1012	1.0
snomed:395805008	ncit_largebio:C270	1.0
snomed:385567007	ncit_largebio:C29726	1.0
snomed:7834009	ncit_largebio:C47793	1.0
snomed:373764006	ncit_largebio:C29696	1.0
snomed:273945008	ncit_largebio:C29697	1.0
snomed:108754007	ncit_largebio:C1909	1.0
snomed:6992002	ncit_largebio:C29710	1.0
snomed:787742003	ncit_largebio:C129825	1.0
snomed:77731008	ncit_largebio:C74536	1.0
snomed:116113006	ncit_largebio:C281	1.0
snomed:3378009	ncit_largebio:C94727	1.0
snomed:387588002	ncit_largebio:C147908	1.0
snomed:83968007	ncit_largebio:C29578	1.0
snomed:781643008	ncit_largebio:C258	1.0
snomed:421552005	ncit_largebio:C443	1.0
snomed:373486008	ncit_largebio:C29696	1.0
snomed:786423008	ncit_largebio:C257	1.0
snomed:68310009	ncit_largebio:C250	1.0
snomed:421012002	ncit_largebio:C257	1.0
snomed:715257001	ncit_largebio:C129825	1.0
snomed:116084008	ncit_largebio:C97452	1.0
snomed:395749001	ncit_largebio:C1909	1.0
snomed:129480005	ncit_largebio:C47796	1.0
snomed:428317007	ncit_largebio:C1450	1.0
snomed:416512006	ncit_largebio:C2198	1.0
snomed:703249005	ncit_largebio:C1891	1.0
snomed:395856004	ncit_largebio:C1892	1.0
snomed:395986007	ncit_largebio:C333	1.0
snomed:7577004	ncit_largebio:C280	1.0
snomed:396018005	ncit_largebio:C257	1.0
snomed:19126005	ncit_largebio:C28394	1.0
snomed:448917007	ncit_largebio:C66930	1.0
snomed:87567009	ncit_largebio:C271	1.0
snomed:372551003	ncit_largebio:C29578	1.0
snomed:387183001	ncit_largebio:C29705	1.0
snomed:320067009	ncit_largebio:C744	1.0
snomed:66508001	ncit_largebio:C271	1.0
snomed:108976008	ncit_largebio:C1327	1.0
snomed:422213004	ncit_largebio:C29701	1.0
snomed:8109005	ncit_largebio:C29756	1.0
snomed:26945002	ncit_largebio:C47795	1.0
snomed:387429005	ncit_largebio:C29578	1.0
snomed:80918003	ncit_largebio:C1420	1.0
snomed:76390000	ncit_largebio:C29576	1.0
snomed:703415004	ncit_largebio:C514	1.0
snomed:49313009	ncit_largebio:C667	1.0
snomed:34929006	ncit_largebio:C28394	1.0
snomed:735172002	ncit_largebio:C2021	1.0
snomed:422505001	ncit_largebio:C471	1.0
snomed:386868003	ncit_largebio:C29576	1.0
snomed:719933003	ncit_largebio:C29698	1.0
snomed:412191009	ncit_largebio:C29634	1.0
snomed:385573008	ncit_largebio:C258	1.0
snomed:725861003	ncit_largebio:C1904	1.0
snomed:771981005	ncit_largebio:C2189	1.0
snomed:420240007	ncit_largebio:C471	1.0
snomed:1222004	ncit_largebio:C279	1.0
snomed:714674003	ncit_largebio:C1909	1.0
snomed:108924009	ncit_largebio:C514	1.0
snomed:108510003	ncit_largebio:C257	1.0
snomed:398927001	ncit_largebio:C1909	1.0
snomed:116102008	ncit_largebio:C547	1.0
snomed:396214000	ncit_largebio:C511	1.0
snomed:720257002	ncit_largebio:C147908	1.0
snomed:37656002	ncit_largebio:C547	1.0
snomed:255868004	ncit_largebio:C92608	1.0
snomed:372763006	ncit_largebio:C93038	1.0
snomed:96119002	ncit_largebio:C250	1.0
snomed:129475001	ncit_largebio:C97366	1.0
snomed:864011003	ncit_largebio:C93259	1.0
snomed:703349008	ncit_largebio:C1909	1.0
snomed:109103008	ncit_largebio:C274	1.0
snomed:715594006	ncit_largebio:C29703	1.0
snomed:426956003	ncit_largebio:C29723	1.0
snomed:781324002	ncit_largebio:C2160	1.0
snomed:420020009	ncit_largebio:C29701	1.0
snomed:76759004	ncit_largebio:C47793	1.0
snomed:413770001	ncit_largebio:C514	1.0
snomed:126075009	ncit_largebio:C47795	1.0
snomed:372835000	ncit_largebio:C66886	1.0
snomed:387207008	ncit_largebio:C1323	1.0
snomed:387288001	ncit_largebio:C29707	1.0
snomed:717166005	ncit_largebio:C257	1.0
snomed:781164006	ncit_largebio:C78311	1.0
snomed:703128001	ncit_largebio:C155700	1.0
snomed:418865004	ncit_largebio:C333	1.0
snomed:1594006	ncit_largebio:C29578	1.0
snomed:96259006	ncit_largebio:C78322	1.0
snomed:386180009	ncit_largebio:C1322	1.0
snomed:126232005	ncit_largebio:C29708	1.0
snomed:725191005	ncit_largebio:C1907	1.0
snomed:3814009	ncit_largebio:C547	1.0
snomed:387045004	ncit_largebio:C1909	1.0
snomed:396044005	ncit_largebio:C66930	1.0
snomed:407129000	ncit_largebio:C547	1.0
snomed:77398001	ncit_largebio:C1909	1.0
snomed:838465007	ncit_largebio:C142786	1.0
snomed:433519000	ncit_largebio:C681	1.0
snomed:765366002	ncit_largebio:C78311	1.0
snomed:384976003	ncit_largebio:C333	1.0
snomed:412190005	ncit_largebio:C257	1.0
snomed:874907006	ncit_largebio:C274	1.0
snomed:400660004	ncit_largebio:C29756	1.0
snomed:432884004	ncit_largebio:C1909	1.0
snomed:420012007	ncit_largebio:C314	1.0
snomed:86977007	ncit_largebio:C257	1.0
snomed:387302004	ncit_largebio:C29747	1.0
snomed:4219002	ncit_largebio:C1971	1.0
snomed:428013003	ncit_largebio:C1556	1.0
snomed:91403002	ncit_largebio:C73579	1.0
snomed:704267007	ncit_largebio:C62799	1.0
snomed:420780004	ncit_largebio:C1892	1.0
snomed:75268009	ncit_largebio:C66883	1.0
snomed:716041004	ncit_largebio:C783	1.0
snomed:387156002	ncit_largebio:C1590	1.0
snomed:372505004	ncit_largebio:C29576	1.0
snomed:715295006	ncit_largebio:C29710	1.0
snomed:45207006	ncit_largebio:C47795	1.0
snomed:96102004	ncit_largebio:C277	1.0
snomed:11841005	ncit_largebio:C94727	1.0
snomed:763565000	ncit_largebio:C681	1.0
snomed:426490000	ncit_largebio:C932	1.0
snomed:396046007	ncit_largebio:C47794	1.0
snomed:108624006	ncit_largebio:C319	1.0
snomed:736836002	ncit_largebio:C281	1.0
snomed:395820002	ncit_largebio:C54678	1.0
snomed:387235007	ncit_largebio:C1971	1.0
snomed:417155005	ncit_largebio:C257	1.0
snomed:350324006	ncit_largebio:C1012	1.0
snomed:411204003	ncit_largebio:C92608	1.0
snomed:64029000	ncit_largebio:C921	1.0
snomed:34198005	ncit_largebio:C45597	1.0
snomed:712726005	ncit_largebio:C514	1.0
snomed:16037009	ncit_largebio:C29578	1.0
snomed:65868004	ncit_largebio:C29710	1.0
snomed:419830007	ncit_largebio:C66880	1.0
snomed:116656002	ncit_largebio:C1509	1.0
snomed:871699001	ncit_largebio:C155727	1.0
snomed:387363006	ncit_largebio:C129839	1.0
snomed:395735005	ncit_largebio:C2364	1.0
snomed:387100001	ncit_largebio:C1909	1.0
snomed:2995003	ncit_largebio:C47796	1.0
snomed:11847009	ncit_largebio:C1323	1.0
snomed:419290000	ncit_largebio:C29639	1.0
snomed:96166003	ncit_largebio:C28394	1.0
snomed:420661005	ncit_largebio:C271	1.0
snomed:410843003	ncit_largebio:C47794	1.0
snomed:417025001	ncit_largebio:C66885	1.0
snomed:895433008	ncit_largebio:C1909	1.0
snomed:387292008	ncit_largebio:C29730	1.0
snomed:47176005	ncit_largebio:C29578	1.0
snomed:19194001	ncit_largebio:C97452	1.0
snomed:423936008	ncit_largebio:C29630	1.0
snomed:725667002	ncit_largebio:C66884	1.0
snomed:395804007	ncit_largebio:C67413	1.0
snomed:1190007	ncit_largebio:C29696	1.0
snomed:57911003	ncit_largebio:C740	1.0
snomed:703667006	ncit_largebio:C98086	1.0
snomed:387408001	ncit_largebio:C98148	1.0
snomed:387286002	ncit_largebio:C221	1.0
snomed:734513003	ncit_largebio:C258	1.0
snomed:816106001	ncit_largebio:C281	1.0
snomed:714773000	ncit_largebio:C97366	1.0
snomed:423684002	ncit_largebio:C1323	1.0
snomed:108769008	ncit_largebio:C697	1.0
snomed:70570002	ncit_largebio:C271	1.0
snomed:85037008	ncit_largebio:C94727	1.0
snomed:443310000	ncit_largebio:C47793	1.0
snomed:116088006	ncit_largebio:C97366	1.0
snomed:108492007	ncit_largebio:C93038	1.0
snomed:719682001	ncit_largebio:C47793	1.0
snomed:96298001	ncit_largebio:C93038	1.0
snomed:373774009	ncit_largebio:C67413	1.0
snomed:715585000	ncit_largebio:C66885	1.0
snomed:116089003	ncit_largebio:C1557	1.0
snomed:387216007	ncit_largebio:C2018	1.0
snomed:395909003	ncit_largebio:C514	1.0
snomed:419657007	ncit_largebio:C1012	1.0
snomed:108527006	ncit_largebio:C333	1.0
snomed:387186009	ncit_largebio:C97936	1.0
snomed:387116004	ncit_largebio:C257	1.0
snomed:387320008	ncit_largebio:C1909	1.0
snomed:76898000	ncit_largebio:C67084	1.0
snomed:24504000	ncit_largebio:C29697	1.0
snomed:87283008	ncit_largebio:C29698	1.0
snomed:387453004	ncit_largebio:C1012	1.0
snomed:322538006	ncit_largebio:C67413	1.0
snomed:386995007	ncit_largebio:C29747	1.0
snomed:326066005	ncit_largebio:C29710	1.0
snomed:83945003	ncit_largebio:C29578	1.0
snomed:25673006	ncit_largebio:C29723	1.0
snomed:773265003	ncit_largebio:C1909	1.0
snomed:320756004	ncit_largebio:C29578	1.0
snomed:703900008	ncit_largebio:C29703	1.0
snomed:68293009	ncit_largebio:C255	1.0
snomed:426357004	ncit_largebio:C932	1.0
snomed:49267000	ncit_largebio:C257	1.0
snomed:64878006	ncit_largebio:C547	1.0
snomed:18991000122102	ncit_largebio:C1323	1.0
snomed:391716003	ncit_largebio:C29578	1.0
snomed:395946004	ncit_largebio:C49185	1.0
snomed:789148001	ncit_largebio:C146993	1.0
snomed:68680008	ncit_largebio:C29578	1.0
snomed:321391002	ncit_largebio:C66883	1.0
snomed:387480006	ncit_largebio:C93038	1.0
snomed:49451008	ncit_largebio:C333	1.0
snomed:409278007	ncit_largebio:C29576	1.0
snomed:387328001	ncit_largebio:C29707	1.0
snomed:426471008	ncit_largebio:C29576	1.0
snomed:96180005	ncit_largebio:C67413	1.0
snomed:67347006	ncit_largebio:C221	1.0
snomed:273951003	ncit_largebio:C257	1.0
snomed:412546005	ncit_largebio:C29730	1.0
snomed:84317008	ncit_largebio:C29575	1.0
snomed:440561000124100	ncit_largebio:C1909	1.0
snomed:87847006	ncit_largebio:C29696	1.0
snomed:418067008	ncit_largebio:C29707	1.0
snomed:395766004	ncit_largebio:C29708	1.0
snomed:71916002	ncit_largebio:C221	1.0
snomed:83051006	ncit_largebio:C29702	1.0
snomed:48174005	ncit_largebio:C29702	1.0
snomed:385559004	ncit_largebio:C28313	1.0
snomed:320972003	ncit_largebio:C67413	1.0
snomed:703957003	ncit_largebio:C2127	1.0
snomed:387427007	ncit_largebio:C25974	1.0
snomed:386142008	ncit_largebio:C281	1.0
snomed:108706004	ncit_largebio:C97366	1.0
snomed:703364008	ncit_largebio:C28197	1.0
snomed:443066009	ncit_largebio:C98086	1.0
snomed:897127005	ncit_largebio:C1962	1.0
snomed:419361008	ncit_largebio:C66883	1.0
snomed:73277004	ncit_largebio:C66886	1.0
snomed:3822002	ncit_largebio:C29696	1.0
snomed:421747003	ncit_largebio:C514	1.0
snomed:46741005	ncit_largebio:C257	1.0
snomed:427742003	ncit_largebio:C147908	1.0
snomed:386876001	ncit_largebio:C66930	1.0
snomed:703961009	ncit_largebio:C281	1.0
snomed:372678008	ncit_largebio:C29578	1.0
snomed:414356009	ncit_largebio:C54678	1.0
snomed:770874009	ncit_largebio:C29697	1.0
snomed:871698009	ncit_largebio:C159156	1.0
snomed:387344005	ncit_largebio:C29578	1.0
snomed:349856007	ncit_largebio:C28197	1.0
snomed:423311006	ncit_largebio:C29707	1.0
snomed:108912002	ncit_largebio:C804	1.0
snomed:387358007	ncit_largebio:C87053	1.0
snomed:704315005	ncit_largebio:C129825	1.0
snomed:715600003	ncit_largebio:C319	1.0
snomed:387038004	ncit_largebio:C29707	1.0
snomed:418371001	ncit_largebio:C514	1.0
snomed:386862002	ncit_largebio:C333	1.0
snomed:108927002	ncit_largebio:C514	1.0
snomed:712518000	ncit_largebio:C2019	1.0
snomed:419384001	ncit_largebio:C97936	1.0
snomed:108441004	ncit_largebio:C29710	1.0
snomed:734565001	ncit_largebio:C29576	1.0
snomed:704673003	ncit_largebio:C29505	1.0
snomed:425650004	ncit_largebio:C257	1.0
snomed:111127002	ncit_largebio:C1012	1.0
snomed:414932003	ncit_largebio:C29703	1.0
snomed:4025009	ncit_largebio:C29578	1.0
snomed:387306001	ncit_largebio:C29730	1.0
snomed:71462001	ncit_largebio:C1331	1.0
snomed:698090000	ncit_largebio:C173067	1.0
snomed:412207007	ncit_largebio:C47793	1.0
snomed:412177003	ncit_largebio:C1909	1.0
snomed:425496004	ncit_largebio:C1637	1.0
snomed:702795007	ncit_largebio:C66883	1.0
snomed:126166005	ncit_largebio:C147908	1.0
snomed:429666007	ncit_largebio:C275	1.0
snomed:725621002	ncit_largebio:C1323	1.0
snomed:385608005	ncit_largebio:C477	1.0
snomed:39939003	ncit_largebio:C29578	1.0
snomed:400447003	ncit_largebio:C94725	1.0
snomed:704468000	ncit_largebio:C47795	1.0
snomed:29301006	ncit_largebio:C319	1.0
snomed:33307008	ncit_largebio:C28394	1.0
snomed:426276000	ncit_largebio:C66883	1.0
snomed:717098001	ncit_largebio:C319	1.0
snomed:89851001	ncit_largebio:C221	1.0
snomed:387490003	ncit_largebio:C333	1.0
snomed:371364001	ncit_largebio:C1012	1.0
snomed:386864001	ncit_largebio:C333	1.0
snomed:33231001	ncit_largebio:C67084	1.0
snomed:440063000	ncit_largebio:C2364	1.0
snomed:372733002	ncit_largebio:C270	1.0
snomed:418027007	ncit_largebio:C257	1.0
snomed:387527005	ncit_largebio:C47796	1.0
snomed:736496005	ncit_largebio:C1509	1.0
snomed:8372007	ncit_largebio:C740	1.0
snomed:427905004	ncit_largebio:C1909	1.0
snomed:396035009	ncit_largebio:C66884	1.0
snomed:396007005	ncit_largebio:C2080	1.0
snomed:326748008	ncit_largebio:C1590	1.0
snomed:108794009	ncit_largebio:C25974	1.0
snomed:424437001	ncit_largebio:C1660	1.0
snomed:420804003	ncit_largebio:C1509	1.0
snomed:720960000	ncit_largebio:C29578	1.0
snomed:782163002	ncit_largebio:C74536	1.0
snomed:20340009	ncit_largebio:C47795	1.0
snomed:108761006	ncit_largebio:C1557	1.0
snomed:372512008	ncit_largebio:C66930	1.0
snomed:712688003	ncit_largebio:C257	1.0
snomed:373476007	ncit_largebio:C1012	1.0
snomed:395844000	ncit_largebio:C28394	1.0
snomed:432886002	ncit_largebio:C93259	1.0
snomed:39064002	ncit_largebio:C97936	1.0
snomed:22976006	ncit_largebio:C28394	1.0
snomed:84213009	ncit_largebio:C1012	1.0
snomed:432555000	ncit_largebio:C277	1.0
snomed:782142004	ncit_largebio:C29756	1.0
snomed:55944008	ncit_largebio:C277	1.0
snomed:447208001	ncit_largebio:C29578	1.0
snomed:387229007	ncit_largebio:C29710	1.0
snomed:409135005	ncit_largebio:C1323	1.0
snomed:741058002	ncit_largebio:C2152	1.0
snomed:255632006	ncit_largebio:C1909	1.0
snomed:96186004	ncit_largebio:C67413	1.0
snomed:96146007	ncit_largebio:C277	1.0
snomed:26992003	ncit_largebio:C66886	1.0
snomed:425508009	ncit_largebio:C98086	1.0
snomed:46479001	ncit_largebio:C47793	1.0
snomed:771347005	ncit_largebio:C250	1.0
snomed:387403005	ncit_largebio:C1909	1.0
snomed:703390006	ncit_largebio:C257	1.0
snomed:372849009	ncit_largebio:C1909	1.0
snomed:387046003	ncit_largebio:C2364	1.0
snomed:96140001	ncit_largebio:C250	1.0
snomed:387346007	ncit_largebio:C163758	1.0
snomed:78684000	ncit_largebio:C29710	1.0
snomed:423490007	ncit_largebio:C274	1.0
snomed:714497005	ncit_largebio:C1012	1.0
snomed:1144477009	ncit_largebio:C547	1.0
snomed:787057001	ncit_largebio:C1909	1.0
snomed:373448004	ncit_largebio:C514	1.0
snomed:80165005	ncit_largebio:C29578	1.0
snomed:91307002	ncit_largebio:C66894	1.0
snomed:412208002	ncit_largebio:C47793	1.0
snomed:59882007	ncit_largebio:C78311	1.0
snomed:387018000	ncit_largebio:C38149	1.0
snomed:256171000	ncit_largebio:C1892	1.0
snomed:96343009	ncit_largebio:C843	1.0
snomed:19261005	ncit_largebio:C921	1.0
snomed:747006	ncit_largebio:C250	1.0
snomed:387472004	ncit_largebio:C280	1.0
snomed:412073001	ncit_largebio:C97452	1.0
snomed:926383001	ncit_largebio:C1012	1.0
snomed:373275009	ncit_largebio:C72900	1.0
snomed:372908005	ncit_largebio:C67439	1.0
snomed:108411001	ncit_largebio:C47794	1.0
snomed:67428007	ncit_largebio:C47795	1.0
snomed:439581000	ncit_largebio:C257	1.0
snomed:898156008	ncit_largebio:C146993	1.0
snomed:108521007	ncit_largebio:C257	1.0
snomed:766795001	ncit_largebio:C1745	1.0
snomed:438200007	ncit_largebio:C2364	1.0
snomed:422419003	ncit_largebio:C1892	1.0
snomed:29058003	ncit_largebio:C2364	1.0
snomed:725573007	ncit_largebio:C599	1.0
snomed:372527008	ncit_largebio:C271	1.0
snomed:387201009	ncit_largebio:C29578	1.0
snomed:768531004	ncit_largebio:C147908	1.0
snomed:712517005	ncit_largebio:C281	1.0
snomed:395927000	ncit_largebio:C28394	1.0
snomed:80532007	ncit_largebio:C67084	1.0
snomed:39263003	ncit_largebio:C448	1.0
snomed:372622007	ncit_largebio:C87053	1.0
snomed:255880007	ncit_largebio:C1892	1.0
snomed:766802003	ncit_largebio:C29578	1.0
snomed:96110003	ncit_largebio:C277	1.0
snomed:412252005	ncit_largebio:C681	1.0
snomed:108918003	ncit_largebio:C29575	1.0
snomed:396048008	ncit_largebio:C78311	1.0
snomed:387298007	ncit_largebio:C67413	1.0
snomed:96252002	ncit_largebio:C47795	1.0
snomed:413507000	ncit_largebio:C29578	1.0
snomed:416248007	ncit_largebio:C97452	1.0
snomed:387570005	ncit_largebio:C1012	1.0
snomed:428318002	ncit_largebio:C97366	1.0
snomed:725695002	ncit_largebio:C1637	1.0
snomed:23814005	ncit_largebio:C270	1.0
snomed:372550002	ncit_largebio:C29578	1.0
snomed:710279008	ncit_largebio:C274	1.0
snomed:412391002	ncit_largebio:C29707	1.0
snomed:421796008	ncit_largebio:C277	1.0
snomed:716229000	ncit_largebio:C29703	1.0
snomed:41261002	ncit_largebio:C49185	1.0
snomed:373500002	ncit_largebio:C29578	1.0
snomed:96247007	ncit_largebio:C1012	1.0
snomed:773263005	ncit_largebio:C1909	1.0
snomed:387520007	ncit_largebio:C49185	1.0
snomed:74674007	ncit_largebio:C29756	1.0
snomed:717099009	ncit_largebio:C66885	1.0
snomed:108845001	ncit_largebio:C29578	1.0
snomed:412079002	ncit_largebio:C67413	1.0
snomed:96133002	ncit_largebio:C250	1.0
snomed:1145127006	ncit_largebio:C1660	1.0
snomed:116107002	ncit_largebio:C47793	1.0
snomed:412182005	ncit_largebio:C29640	1.0
snomed:870518005	ncit_largebio:C281	1.0
snomed:419140007	ncit_largebio:C314	1.0
snomed:421889003	ncit_largebio:C29578	1.0
snomed:18914005	ncit_largebio:C49185	1.0
snomed:53640004	ncit_largebio:C94725	1.0
snomed:5975000	ncit_largebio:C250	1.0
snomed:412078005	ncit_largebio:C94726	1.0
snomed:703414000	ncit_largebio:C29703	1.0
snomed:126105006	ncit_largebio:C147908	1.0
snomed:395726003	ncit_largebio:C1909	1.0
snomed:350076000	ncit_largebio:C263	1.0
snomed:703790009	ncit_largebio:C157388	1.0
snomed:61398007	ncit_largebio:C66880	1.0
snomed:781495006	ncit_largebio:C2167	1.0
snomed:768512005	ncit_largebio:C1909	1.0
snomed:61709008	ncit_largebio:C257	1.0
snomed:411246007	ncit_largebio:C28394	1.0
snomed:387007000	ncit_largebio:C29715	1.0
snomed:418981008	ncit_largebio:C72900	1.0
snomed:89692007	ncit_largebio:C28394	1.0
snomed:1144613007	ncit_largebio:C129825	1.0
snomed:372587005	ncit_largebio:C94727	1.0
snomed:713435009	ncit_largebio:C66884	1.0
snomed:396489003	ncit_largebio:C74536	1.0
snomed:386867008	ncit_largebio:C29576	1.0
snomed:699180000	ncit_largebio:C66883	1.0
snomed:387064005	ncit_largebio:C67439	1.0
snomed:386983007	ncit_largebio:C1012	1.0
snomed:395937005	ncit_largebio:C271	1.0
snomed:387495008	ncit_largebio:C2155	1.0
snomed:108780008	ncit_largebio:C471	1.0
snomed:386975001	ncit_largebio:C146638	1.0
snomed:23883005	ncit_largebio:C67413	1.0
snomed:735135008	ncit_largebio:C263	1.0
snomed:96109008	ncit_largebio:C277	1.0
snomed:17908000	ncit_largebio:C1909	1.0
snomed:772959003	ncit_largebio:C29629	1.0
snomed:96315000	ncit_largebio:C29698	1.0
snomed:412608008	ncit_largebio:C274	1.0
snomed:68077006	ncit_largebio:C792	1.0
snomed:1149378000	ncit_largebio:C511	1.0
snomed:19114000	ncit_largebio:C28394	1.0
snomed:714769003	ncit_largebio:C1660	1.0
snomed:386851002	ncit_largebio:C38149	1.0
snomed:108596008	ncit_largebio:C1655	1.0
snomed:96147003	ncit_largebio:C277	1.0
snomed:108859008	ncit_largebio:C29714	1.0
snomed:421639009	ncit_largebio:C250	1.0
snomed:713462001	ncit_largebio:C277	1.0
snomed:25538002	ncit_largebio:C29710	1.0
snomed:116544008	ncit_largebio:C2153	1.0
snomed:840405005	ncit_largebio:C156804	1.0
snomed:372767007	ncit_largebio:C94725	1.0
snomed:432221004	ncit_largebio:C97453	1.0
snomed:420624001	ncit_largebio:C93038	1.0
snomed:391798003	ncit_largebio:C257	1.0
snomed:412072006	ncit_largebio:C97452	1.0
snomed:96177009	ncit_largebio:C257	1.0
snomed:109083009	ncit_largebio:C29711	1.0
snomed:81335000	ncit_largebio:C280	1.0
snomed:109072000	ncit_largebio:C2846	1.0
snomed:109079009	ncit_largebio:C97936	1.0
snomed:26122009	ncit_largebio:C1322	1.0
snomed:2016004	ncit_largebio:C2199	1.0
snomed:703842006	ncit_largebio:C47795	1.0
snomed:116076009	ncit_largebio:C1509	1.0
snomed:96174002	ncit_largebio:C257	1.0
snomed:35281007	ncit_largebio:C29710	1.0
snomed:349884002	ncit_largebio:C66883	1.0
snomed:96167007	ncit_largebio:C277	1.0
snomed:725745008	ncit_largebio:C29711	1.0
snomed:789166006	ncit_largebio:C146993	1.0
snomed:349920008	ncit_largebio:C87053	1.0
snomed:72179002	ncit_largebio:C1892	1.0
snomed:781354007	ncit_largebio:C129825	1.0
snomed:319967001	ncit_largebio:C29707	1.0
snomed:373557007	ncit_largebio:C277	1.0
snomed:349922000	ncit_largebio:C66884	1.0
snomed:56480005	ncit_largebio:C29578	1.0
snomed:398705004	ncit_largebio:C67413	1.0
snomed:53052005	ncit_largebio:C448	1.0
snomed:77035009	ncit_largebio:C29703	1.0
snomed:57811004	ncit_largebio:C67413	1.0
snomed:763516005	ncit_largebio:C28394	1.0
snomed:45311002	ncit_largebio:C319	1.0
snomed:420365007	ncit_largebio:C78322	1.0
snomed:725671004	ncit_largebio:C258	1.0
snomed:387162007	ncit_largebio:C29697	1.0
snomed:373339005	ncit_largebio:C47795	1.0
snomed:387178009	ncit_largebio:C29703	1.0
snomed:321467007	ncit_largebio:C29710	1.0
snomed:704194004	ncit_largebio:C471	1.0
snomed:719681008	ncit_largebio:C29703	1.0
snomed:411346009	ncit_largebio:C28394	1.0
snomed:31306009	ncit_largebio:C271	1.0
snomed:714767001	ncit_largebio:C281	1.0
snomed:108783005	ncit_largebio:C1904	1.0
snomed:846647005	ncit_largebio:C74536	1.0
snomed:12821002	ncit_largebio:C29578	1.0
snomed:319796006	ncit_largebio:C1323	1.0
snomed:40974005	ncit_largebio:C67413	1.0
snomed:372844004	ncit_largebio:C93038	1.0
snomed:789546007	ncit_largebio:C38149	1.0
snomed:19918001	ncit_largebio:C66884	1.0
snomed:404856006	ncit_largebio:C1557	1.0
snomed:415158006	ncit_largebio:C28394	1.0
snomed:698184001	ncit_largebio:C67413	1.0
snomed:396015008	ncit_largebio:C29578	1.0
snomed:420778005	ncit_largebio:C314	1.0
snomed:444757009	ncit_largebio:C333	1.0
snomed:370448000	ncit_largebio:C276	1.0
snomed:64115004	ncit_largebio:C271	1.0
snomed:372501008	ncit_largebio:C1323	1.0
snomed:710051007	ncit_largebio:C275	1.0
snomed:712725009	ncit_largebio:C29578	1.0
snomed:417238004	ncit_largebio:C280	1.0
snomed:425235001	ncit_largebio:C1892	1.0
snomed:36391008	ncit_largebio:C271	1.0
snomed:442031002	ncit_largebio:C173067	1.0
snomed:75429004	ncit_largebio:C29578	1.0
snomed:418221001	ncit_largebio:C333	1.0
snomed:9690006	ncit_largebio:C47795	1.0
snomed:108418007	ncit_largebio:C94726	1.0
snomed:736837006	ncit_largebio:C281	1.0
snomed:372730004	ncit_largebio:C29710	1.0
snomed:4780009	ncit_largebio:C67084	1.0
snomed:387035001	ncit_largebio:C47796	1.0
snomed:772820008	ncit_largebio:C67439	1.0
snomed:704671001	ncit_largebio:C78311	1.0
snomed:6067003	ncit_largebio:C319	1.0
snomed:391811002	ncit_largebio:C257	1.0
snomed:387303009	ncit_largebio:C47795	1.0
snomed:398857009	ncit_largebio:C1909	1.0
snomed:421412005	ncit_largebio:C1909	1.0
snomed:85242006	ncit_largebio:C47795	1.0
snomed:773237000	ncit_largebio:C271	1.0
snomed:763562002	ncit_largebio:C78311	1.0
snomed:765358006	ncit_largebio:C1909	1.0
snomed:395902007	ncit_largebio:C257	1.0
snomed:373778007	ncit_largebio:C28394	1.0
snomed:761851004	ncit_largebio:C129825	1.0
snomed:24202000	ncit_largebio:C29702	1.0
snomed:387343004	ncit_largebio:C67084	1.0
snomed:321288000	ncit_largebio:C1012	1.0
snomed:32960005	ncit_largebio:C257	1.0
snomed:387192003	ncit_largebio:C1012	1.0
snomed:715378000	ncit_largebio:C258	1.0
snomed:386865000	ncit_largebio:C29576	1.0
snomed:763614004	ncit_largebio:C2089	1.0
snomed:75371004	ncit_largebio:C319	1.0
snomed:350601007	ncit_largebio:C72900	1.0
snomed:789356007	ncit_largebio:C129825	1.0
snomed:108452005	ncit_largebio:C66886	1.0
snomed:354058001	ncit_largebio:C257	1.0
snomed:387256009	ncit_largebio:C67084	1.0
snomed:772091004	ncit_largebio:C129825	1.0
snomed:408041006	ncit_largebio:C29703	1.0
snomed:349879008	ncit_largebio:C29710	1.0
snomed:350607006	ncit_largebio:C66886	1.0
snomed:387139005	ncit_largebio:C29707	1.0
snomed:838467004	ncit_largebio:C1909	1.0
snomed:103024009	ncit_largebio:C547	1.0
snomed:372662006	ncit_largebio:C29578	1.0
snomed:413873006	ncit_largebio:C471	1.0
snomed:395846003	ncit_largebio:C29756	1.0
snomed:416624006	ncit_largebio:C250	1.0
snomed:427940003	ncit_largebio:C66883	1.0
snomed:7924004	ncit_largebio:C1909	1.0
snomed:427638006	ncit_largebio:C275	1.0
snomed:424656002	ncit_largebio:C28394	1.0
snomed:88325003	ncit_largebio:C514	1.0
snomed:108897008	ncit_largebio:C29578	1.0
snomed:442699004	ncit_largebio:C67413	1.0
snomed:418784008	ncit_largebio:C1556	1.0
snomed:96222005	ncit_largebio:C1909	1.0
snomed:716227003	ncit_largebio:C47794	1.0
snomed:372848001	ncit_largebio:C1556	1.0
snomed:767702004	ncit_largebio:C47795	1.0
snomed:108530004	ncit_largebio:C333	1.0
snomed:387120000	ncit_largebio:C38149	1.0
snomed:387023000	ncit_largebio:C804	1.0
snomed:764885002	ncit_largebio:C263	1.0
snomed:28580002	ncit_largebio:C681	1.0
snomed:404838006	ncit_largebio:C97366	1.0
snomed:66843009	ncit_largebio:C67084	1.0
snomed:43879000	ncit_largebio:C1909	1.0
snomed:426891005	ncit_largebio:C1331	1.0
snomed:56928005	ncit_largebio:C1331	1.0
snomed:387489007	ncit_largebio:C319	1.0
snomed:412432007	ncit_largebio:C29576	1.0
snomed:411343001	ncit_largebio:C250	1.0
snomed:395266000	ncit_largebio:C1556	1.0
snomed:395800003	ncit_largebio:C667	1.0
snomed:72968006	ncit_largebio:C257	1.0
snomed:108682008	ncit_largebio:C271	1.0
snomed:86131002	ncit_largebio:C2155	1.0
snomed:395897006	ncit_largebio:C2021	1.0
snomed:372901004	ncit_largebio:C67084	1.0
snomed:419484002	ncit_largebio:C28197	1.0
snomed:108868005	ncit_largebio:C1962	1.0
snomed:395892000	ncit_largebio:C47794	1.0
snomed:372720008	ncit_largebio:C1909	1.0
snomed:412513004	ncit_largebio:C218	1.0
snomed:96346001	ncit_largebio:C147908	1.0
snomed:387359004	ncit_largebio:C38149	1.0
snomed:22827004	ncit_largebio:C740	1.0
snomed:424106006	ncit_largebio:C98086	1.0
snomed:317272008	ncit_largebio:C275	1.0
snomed:350469004	ncit_largebio:C274	1.0
snomed:387461009	ncit_largebio:C78322	1.0
snomed:6237004	ncit_largebio:C47795	1.0
snomed:387211002	ncit_largebio:C29702	1.0
snomed:385469007	ncit_largebio:C514	1.0
snomed:395807000	ncit_largebio:C66885	1.0
snomed:386890003	ncit_largebio:C257	1.0
snomed:372820001	ncit_largebio:C270	1.0
snomed:6717002	ncit_largebio:C28394	1.0
snomed:699678007	ncit_largebio:C147923	1.0
snomed:708720000	ncit_largebio:C147908	1.0
snomed:372784001	ncit_largebio:C29707	1.0
snomed:41365009	ncit_largebio:C29710	1.0
snomed:372531002	ncit_largebio:C281	1.0
snomed:421651006	ncit_largebio:C333	1.0
snomed:724033001	ncit_largebio:C1962	1.0
snomed:863995003	ncit_largebio:C471	1.0
snomed:108793003	ncit_largebio:C274	1.0
snomed:125691000	ncit_largebio:C29576	1.0
snomed:725787005	ncit_largebio:C47794	1.0
snomed:427941004	ncit_largebio:C159198	1.0
snomed:108535009	ncit_largebio:C333	1.0
snomed:412247000	ncit_largebio:C511	1.0
snomed:56934003	ncit_largebio:C77491	1.0
snomed:88631009	ncit_largebio:C1907	1.0
snomed:57616006	ncit_largebio:C1909	1.0
snomed:838463000	ncit_largebio:C29710	1.0
snomed:703737005	ncit_largebio:C1891	1.0
snomed:412363005	ncit_largebio:C2364	1.0
snomed:7836006	ncit_largebio:C1909	1.0
snomed:395789007	ncit_largebio:C1909	1.0
snomed:326274003	ncit_largebio:C514	1.0
snomed:90370005	ncit_largebio:C28394	1.0
snomed:79305004	ncit_largebio:C270	1.0
snomed:417508009	ncit_largebio:C29714	1.0
snomed:109139002	ncit_largebio:C38149	1.0
snomed:412013008	ncit_largebio:C257	1.0
snomed:36594001	ncit_largebio:C250	1.0
snomed:387497000	ncit_largebio:C735	1.0
snomed:387041008	ncit_largebio:C314	1.0
snomed:391595003	ncit_largebio:C29578	1.0
snomed:372542006	ncit_largebio:C274	1.0
snomed:90581007	ncit_largebio:C28394	1.0
snomed:429368003	ncit_largebio:C281	1.0
snomed:412243001	ncit_largebio:C271	1.0
snomed:424004006	ncit_largebio:C29708	1.0
snomed:386858008	ncit_largebio:C1909	1.0
snomed:876837000	ncit_largebio:C274	1.0
snomed:387278002	ncit_largebio:C47795	1.0
snomed:387383007	ncit_largebio:C1012	1.0
snomed:818968008	ncit_largebio:C804	1.0
snomed:387226000	ncit_largebio:C221	1.0
snomed:395914004	ncit_largebio:C29756	1.0
snomed:373771001	ncit_largebio:C66886	1.0
snomed:321963000	ncit_largebio:C94725	1.0
snomed:96248002	ncit_largebio:C47795	1.0
snomed:116096001	ncit_largebio:C2122	1.0
snomed:771463001	ncit_largebio:C29636	1.0
snomed:715182007	ncit_largebio:C29710	1.0
snomed:763592006	ncit_largebio:C2152	1.0
snomed:354053005	ncit_largebio:C28394	1.0
snomed:17848009	ncit_largebio:C29710	1.0
snomed:56123002	ncit_largebio:C255	1.0
snomed:767857007	ncit_largebio:C147923	1.0
snomed:50094009	ncit_largebio:C314	1.0
snomed:414047005	ncit_largebio:C28197	1.0
snomed:398929003	ncit_largebio:C275	1.0
snomed:387553002	ncit_largebio:C258	1.0
snomed:96294004	ncit_largebio:C29576	1.0
snomed:424281006	ncit_largebio:C1323	1.0
snomed:5478006	ncit_largebio:C29710	1.0
snomed:80311000	ncit_largebio:C28394	1.0
snomed:373726009	ncit_largebio:C47793	1.0
snomed:398731002	ncit_largebio:C2166	1.0
snomed:724007009	ncit_largebio:C744	1.0
snomed:372905008	ncit_largebio:C94725	1.0
snomed:387193008	ncit_largebio:C250	1.0
snomed:895343007	ncit_largebio:C271	1.0
snomed:387360009	ncit_largebio:C29578	1.0
snomed:412114000	ncit_largebio:C547	1.0
snomed:108849007	ncit_largebio:C257	1.0
snomed:417734003	ncit_largebio:C29711	1.0
snomed:698023008	ncit_largebio:C333	1.0
snomed:81646007	ncit_largebio:C29578	1.0
snomed:816101006	ncit_largebio:C281	1.0
snomed:387423006	ncit_largebio:C29756	1.0
snomed:398713003	ncit_largebio:C28394	1.0
snomed:3066001	ncit_largebio:C147908	1.0
snomed:34693000	ncit_largebio:C1557	1.0
snomed:13252002	ncit_largebio:C257	1.0
snomed:373249005	ncit_largebio:C1909	1.0
