SrcEntity	TgtEntity	Score
snomed:443416007	ncit_largebio:C3709	1.0
snomed:32048006	ncit_largebio:C3709	1.0
snomed:9436005	ncit_largebio:C45922	1.0
snomed:37039006	ncit_largebio:C45922	1.0
snomed:21109002	ncit_largebio:C45922	1.0
snomed:72079004	ncit_largebio:C26326	1.0
snomed:254819008	ncit_largebio:C3266	1.0
snomed:19138001	ncit_largebio:C3341	1.0
snomed:36517007	ncit_largebio:C34609	1.0
snomed:21119008	ncit_largebio:C3075	1.0
snomed:201161009	ncit_largebio:C3075	1.0
snomed:36060005	ncit_largebio:C7076	1.0
snomed:134335004	ncit_largebio:C7076	1.0
snomed:128920006	ncit_largebio:C7340	1.0
snomed:118612006	ncit_largebio:C7340	1.0
snomed:118599009	ncit_largebio:C27809	1.0
snomed:118602004	ncit_largebio:C27809	1.0
snomed:14537002	ncit_largebio:C27809	1.0
snomed:70600005	ncit_largebio:C27809	1.0
snomed:118605002	ncit_largebio:C27809	1.0
snomed:836277009	ncit_largebio:C27809	1.0
snomed:76345009	ncit_largebio:C62241	1.0
snomed:277604002	ncit_largebio:C27356	1.0
snomed:93451002	ncit_largebio:C54705	1.0
snomed:14317002	ncit_largebio:C54705	1.0
snomed:128822004	ncit_largebio:C27356	1.0
snomed:37810007	ncit_largebio:C7340	1.0
snomed:188745007	ncit_largebio:C7340	1.0
snomed:277545003	ncit_largebio:C27356	1.0
snomed:50978000	ncit_largebio:C3341	1.0
snomed:274134003	ncit_largebio:C3341	1.0
snomed:414603003	ncit_largebio:C3341	1.0
snomed:188676008	ncit_largebio:C7340	1.0
snomed:189982000	ncit_largebio:C7340	1.0
snomed:715664005	ncit_largebio:C7340	1.0
snomed:373168002	ncit_largebio:C7340	1.0
snomed:1929004	ncit_largebio:C7186	1.0
snomed:1929004	ncit_largebio:C7340	1.0
snomed:63402005	ncit_largebio:C54705	1.0
snomed:44524009	ncit_largebio:C62277	1.0
snomed:86251006	ncit_largebio:C7062	1.0
snomed:81669005	ncit_largebio:C3266	1.0
snomed:1156647001	ncit_largebio:C3075	1.0
snomed:278065000	ncit_largebio:C54705	1.0
snomed:39772007	ncit_largebio:C5679	1.0
snomed:404162004	ncit_largebio:C26326	1.0
snomed:15960008	ncit_largebio:C26326	1.0
snomed:128741006	ncit_largebio:C26326	1.0
snomed:201091002	ncit_largebio:C3337	1.0
snomed:80801001	ncit_largebio:C3337	1.0
snomed:31069005	ncit_largebio:C3337	1.0
snomed:2710003	ncit_largebio:C3337	1.0
snomed:784307009	ncit_largebio:C62241	1.0
snomed:21181001	ncit_largebio:C62241	1.0
snomed:46732000	ncit_largebio:C27827	1.0
snomed:46732000	ncit_largebio:C27258	1.0
snomed:40411000	ncit_largebio:C27267	1.0
snomed:307647008	ncit_largebio:C27267	1.0
snomed:3172003	ncit_largebio:C7340	1.0
snomed:39998009	ncit_largebio:C54705	1.0
snomed:95209008	ncit_largebio:C4901	1.0
snomed:91856007	ncit_largebio:C4901	1.0
snomed:92813000	ncit_largebio:C4901	1.0
snomed:91860005	ncit_largebio:C4897	1.0
snomed:92817004	ncit_largebio:C4898	1.0
snomed:93470007	ncit_largebio:C62277	1.0
snomed:19133005	ncit_largebio:C3266	1.0
snomed:419835002	ncit_largebio:C21188	1.0
snomed:84983008	ncit_largebio:C45230	1.0
snomed:414952002	ncit_largebio:C36262	1.0
snomed:32434004	ncit_largebio:C62241	1.0
snomed:189643000	ncit_largebio:C62241	1.0
snomed:21968007	ncit_largebio:C62241	1.0
snomed:32913002	ncit_largebio:C62241	1.0
snomed:19750001	ncit_largebio:C7340	1.0
snomed:43961000	ncit_largebio:C7340	1.0
snomed:110448004	ncit_largebio:C35516	1.0
snomed:32236000	ncit_largebio:C36262	1.0
snomed:91002001	ncit_largebio:C36262	1.0
snomed:197433003	ncit_largebio:C35516	1.0
snomed:6331000	ncit_largebio:C4488	1.0
snomed:735082004	ncit_largebio:C4488	1.0
snomed:62727008	ncit_largebio:C4488	1.0
snomed:29074008	ncit_largebio:C7486	1.0
snomed:23966000	ncit_largebio:C7486	1.0
snomed:90685008	ncit_largebio:C7486	1.0
snomed:71086005	ncit_largebio:C3341	1.0
snomed:53633000	ncit_largebio:C8372	1.0
snomed:35962006	ncit_largebio:C3075	1.0
snomed:88580009	ncit_largebio:C35516	1.0
snomed:878805009	ncit_largebio:C62241	1.0
snomed:426071002	ncit_largebio:C158581	1.0
snomed:62047007	ncit_largebio:C35516	1.0
snomed:277163006	ncit_largebio:C35516	1.0
snomed:22858003	ncit_largebio:C3075	1.0
snomed:400091006	ncit_largebio:C3075	1.0
snomed:23604003	ncit_largebio:C3075	1.0
snomed:6219000	ncit_largebio:C9305	1.0
snomed:82267002	ncit_largebio:C62241	1.0
snomed:88897007	ncit_largebio:C27263	1.0
snomed:72969003	ncit_largebio:C62241	1.0
snomed:70401000	ncit_largebio:C62241	1.0
snomed:74042001	ncit_largebio:C35726	1.0
snomed:5958006	ncit_largebio:C35726	1.0
snomed:48218007	ncit_largebio:C62241	1.0
snomed:5688000	ncit_largebio:C2929	1.0
snomed:81446001	ncit_largebio:C62241	1.0
snomed:45881000	ncit_largebio:C62241	1.0
snomed:403939009	ncit_largebio:C62241	1.0
snomed:51217003	ncit_largebio:C45922	1.0
snomed:48619006	ncit_largebio:C45922	1.0
snomed:23444003	ncit_largebio:C45922	1.0
snomed:80727009	ncit_largebio:C62241	1.0
snomed:38958001	ncit_largebio:C62241	1.0
snomed:253021007	ncit_largebio:C62241	1.0
snomed:10060008	ncit_largebio:C62241	1.0
snomed:32296002	ncit_largebio:C62241	1.0
snomed:115220004	ncit_largebio:C62241	1.0
snomed:107692003	ncit_largebio:C62241	1.0
snomed:31296004	ncit_largebio:C45230	1.0
snomed:238701007	ncit_largebio:C3341	1.0
snomed:38969003	ncit_largebio:C3341	1.0
snomed:65140001	ncit_largebio:C62277	1.0
snomed:43296007	ncit_largebio:C62277	1.0
snomed:404070007	ncit_largebio:C62277	1.0
snomed:28953002	ncit_largebio:C62277	1.0
snomed:21912003	ncit_largebio:C62279	1.0
snomed:65646006	ncit_largebio:C62279	1.0
snomed:31104000	ncit_largebio:C62277	1.0
snomed:17302008	ncit_largebio:C66818	1.0
snomed:39005004	ncit_largebio:C66818	1.0
snomed:715903004	ncit_largebio:C66818	1.0
snomed:64059005	ncit_largebio:C66818	1.0
snomed:35701008	ncit_largebio:C66818	1.0
snomed:277611003	ncit_largebio:C27809	1.0
snomed:45572000	ncit_largebio:C27809	1.0
snomed:307624007	ncit_largebio:C27267	1.0
snomed:277628000	ncit_largebio:C27827	1.0
snomed:277629008	ncit_largebio:C27258	1.0
snomed:109975001	ncit_largebio:C7340	1.0
snomed:109988003	ncit_largebio:C7340	1.0
snomed:128813000	ncit_largebio:C7340	1.0
snomed:195759002	ncit_largebio:C7486	1.0
snomed:419770008	ncit_largebio:C27694	1.0
snomed:240531002	ncit_largebio:C27694	1.0
snomed:80061003	ncit_largebio:C66818	1.0
snomed:9273005	ncit_largebio:C5679	1.0
snomed:92589000	ncit_largebio:C87778	1.0
snomed:254659009	ncit_largebio:C3266	1.0
snomed:66174008	ncit_largebio:C26326	1.0
snomed:254756007	ncit_largebio:C26326	1.0
snomed:254797000	ncit_largebio:C4301	1.0
snomed:254804007	ncit_largebio:C7571	1.0
snomed:398660000	ncit_largebio:C7571	1.0
snomed:254995004	ncit_largebio:C4301	1.0
snomed:255196008	ncit_largebio:C3662	1.0
snomed:277573001	ncit_largebio:C27356	1.0
snomed:109359008	ncit_largebio:C9305	1.0
snomed:188478004	ncit_largebio:C9305	1.0
snomed:235001002	ncit_largebio:C3337	1.0
snomed:196568006	ncit_largebio:C36262	1.0
snomed:239115005	ncit_largebio:C3075	1.0
snomed:239128003	ncit_largebio:C3075	1.0
snomed:277161008	ncit_largebio:C35516	1.0
snomed:277642008	ncit_largebio:C3462	1.0
snomed:277643003	ncit_largebio:C3458	1.0
snomed:239118007	ncit_largebio:C3075	1.0
snomed:127032009	ncit_largebio:C62277	1.0
snomed:447644002	ncit_largebio:C62277	1.0
snomed:254705003	ncit_largebio:C3075	1.0
snomed:12943006	ncit_largebio:C66818	1.0
snomed:274904007	ncit_largebio:C62241	1.0
snomed:94716000	ncit_largebio:C4896	1.0
snomed:878806005	ncit_largebio:C84509	1.0
snomed:128815007	ncit_largebio:C7340	1.0
snomed:302840001	ncit_largebio:C62277	1.0
snomed:277610002	ncit_largebio:C27809	1.0
snomed:128626003	ncit_largebio:C45230	1.0
snomed:128630000	ncit_largebio:C62241	1.0
snomed:128633003	ncit_largebio:C4105	1.0
snomed:128635005	ncit_largebio:C2929	1.0
snomed:128644006	ncit_largebio:C62241	1.0
snomed:128661009	ncit_largebio:C62241	1.0
snomed:128900005	ncit_largebio:C62241	1.0
snomed:128883006	ncit_largebio:C62277	1.0
snomed:128765009	ncit_largebio:C134576	1.0
snomed:127572005	ncit_largebio:C62241	1.0
snomed:128794002	ncit_largebio:C45230	1.0
snomed:402841001	ncit_largebio:C2874	1.0
snomed:404080006	ncit_largebio:C62277	1.0
snomed:1156631003	ncit_largebio:C7340	1.0
snomed:1156495004	ncit_largebio:C7340	1.0
snomed:403824007	ncit_largebio:C54705	1.0
snomed:715397000	ncit_largebio:C3075	1.0
snomed:315058005	ncit_largebio:C165470	1.0
snomed:690751000119102	ncit_largebio:C62241	1.0
snomed:782697005	ncit_largebio:C62241	1.0
snomed:418152006	ncit_largebio:C21905	1.0
snomed:128824003	ncit_largebio:C27356	1.0
snomed:49043004	ncit_largebio:C45230	1.0
snomed:717968005	ncit_largebio:C3266	1.0
snomed:10291008	ncit_largebio:C3944	1.0
snomed:254815002	ncit_largebio:C27816	1.0
snomed:277575008	ncit_largebio:C27356	1.0
snomed:785879009	ncit_largebio:C62241	1.0
snomed:274897005	ncit_largebio:C62241	1.0
snomed:39332000	ncit_largebio:C62241	1.0
snomed:188498009	ncit_largebio:C7340	1.0
snomed:871541008	ncit_largebio:C3248	1.0
snomed:277612005	ncit_largebio:C27809	1.0
snomed:143291000119104	ncit_largebio:C158581	1.0
snomed:118606001	ncit_largebio:C27809	1.0
snomed:836276000	ncit_largebio:C27809	1.0
