{
    "task": {
        "onto_file": "../ontologies/foodon-merged.0.4.8.owl",
        "label_property": ["http://www.w3.org/2000/01/rdf-schema#label",
            "http://www.geneontology.org/formats/oboInOwl#hasSynonym",
            "http://www.geneontology.org/formats/oboInOwl#hasExactSynonym"],
        "__comment_label_property": "the first one is the main label property, which is only used for the surrounding classes",
        "use_one_label": false,
        "__comment_use_one_label": "true: select only one label",

        "test_subsumption_file": "FoodOn/test_subsumptions_r.csv",
        "valid_subsumption_file": "FoodOn/valid_subsumptions_r.csv",
        "train_subsumption_file": "FoodOn/train_subsumptions_r.csv",

        "subsumption_type": "restriction",
        "__subsumption_type": "named class, or restriction",

        "prompt_type": "isolated",
        "prompt_hop": 1,
        "prompt_max_subsumptions": 3,
        "use_sub_special_token": false,
        "context_dup": 4,
        "__comment_prompt": "prompt type: 'isolated', 'traversal', 'path'; use_sub_special_token = True: <SUB>, otherwise: <SEP>",

        "max_length": 128,
        "batch_size": 32,

        "use_pickle": false,
        "tr_pickle": "FoodOn/tr_traversal_1_3.pkl",
        "va_pickle": "FoodOn/va_traversal_1_3.pkl"
    },

    "fine-tune": {
        "do-fine-tune": true,
        "pretrained": "bert-base-uncased",
        "tokenizer": "bert-base-uncased",
        "output_dir":"fine-tuned-bert-foodon",
        "warm_up_ratio": 0.0,
        "num_epochs": 5.0,
        "early_stop": false,
        "train_pos_dup": 2,
        "train_neg_dup": 2
    }
}
