{
    "task": {
        "src_onto_file": "UMLS_Subs/ontos/snomed2fma.body/snomed.body.owl",
        "tgt_onto_file": "UMLS_Subs/ontos/snomed2fma.body/fma.body.subs.owl",
        "src_label_property": ["http://www.w3.org/2000/01/rdf-schema#label"],
        "tgt_label_property": ["http://www.w3.org/2000/01/rdf-schema#label"],
        "use_one_label": true,
        "__comment_use_one_label": "true: select only one label",

        "src_prefix": "http://snomed.info/id/",
        "tgt_prefix": "http://purl.org/sig/ont/fma/",

        "train_mapping_file": "UMLS_Subs/refs/snomed2fma.body/semi_supervised/train.tsv",
        "__train_mapping_file": "None if not using training mappings",

        "eval_subsumption_file": "UMLS_Subs/refs/snomed2fma.body/semi_supervised/src2tgt.rank/for_eval/src2tgt.anchored.maps.json",

        "prompt_type": "isolated",
        "prompt_hop": 1,
        "prompt_max_subsumptions": 4,
        "use_sub_special_token": false,
        "context_dup": 4,
        "__comment_prompt": "prompt type: 'isolated', 'traversal', 'path'; use_sub_special_token = True: <SUB>, otherwise: <SEP>",

        "max_length": 128,
        "batch_size": 32
    },

    "fine-tune": {
        "do-fine-tune": true,
        "pretrained": "bert-base-uncased",
        "tokenizer": "bert-base-uncased",
        "output_dir":"fine-tuned-bert-snomed2fma.body",
        "warm_up_ratio": 0.0,
        "num_epochs": 5.0,
        "early_stop": false,
        "train_pos_dup": 2,
        "train_neg_dup": 2
    }
}
