{
    "task": {
        "src_onto_file": "helis2foodon/ontos/helis_v1.00.owl",
        "tgt_onto_file": "helis2foodon/ontos/foodon-merged.0.4.8.subs.owl",
        "src_label_property": ["http://www.w3.org/2000/01/rdf-schema#label"],
        "tgt_label_property": ["http://www.w3.org/2000/01/rdf-schema#label",
            "http://www.geneontology.org/formats/oboInOwl#hasSynonym",
            "http://www.geneontology.org/formats/oboInOwl#hasExactSynonym"],
        "use_one_label": true,
        "__comment_use_one_label": "true: select only one label",

        "src_prefix": "http://www.fbk.eu/ontologies/virtualcoach#",
        "tgt_prefix": "http://purl.obolibrary.org/obo/",

        "train_mapping_file": "None",
        "valid_mapping_file": "None",
        "test_mapping_file": "None",
        "eval_subsumption_file": "None",
        "all_mapping_file": "helis2foodon/subs_maps.tsv",

        "train_subsumption_file": "None",
        "valid_subsumption_file": "helis2foodon/valid_subsumptions.csv",
        "test_subsumption_file": "helis2foodon/test_subsumptions.csv",

        "prompt_type": "isolated",
        "prompt_hop": 1,
        "prompt_max_subsumptions": 3,
        "use_sub_special_token": false,
        "context_dup": 4,
        "__comment_prompt": "prompt type: 'isolated', 'traversal', 'path'; use_sub_special_token = True: <SUB>, otherwise: <SEP>",

        "max_length": 128,
        "batch_size": 32
    },

    "fine-tune": {
        "do-fine-tune": true,
        "pretrained": "bert-base-uncased",
        "tokenizer": "bert-base-uncased",
        "output_dir":"fine-tuned-bert-helis2foodon",
        "warm_up_ratio": 0.0,
        "num_epochs": 5.0,
        "early_stop": false,
        "train_pos_dup": 2,
        "train_neg_dup": 2
    }
}
