{
    "task": {
        "src_onto_file": "MONDO_Subs/ontos/ncit2doid/ncit.owl",
        "tgt_onto_file": "MONDO_Subs/ontos/ncit2doid/doid.subs.owl",
        "src_label_property": ["http://www.w3.org/2000/01/rdf-schema#label", "http://ncicb.nci.nih.gov/xml/owl/EVS/Thesaurus.owl#P90", "http://ncicb.nci.nih.gov/xml/owl/EVS/Thesaurus.owl#P108"],
        "tgt_label_property": ["http://www.w3.org/2000/01/rdf-schema#label", "http://www.geneontology.org/formats/oboInOwl#hasExactSynonym"],
        "use_one_label": false,
        "__comment_use_one_label": "true: select only one label",

        "src_prefix": "http://ncicb.nci.nih.gov/xml/owl/EVS/Thesaurus.owl#",
        "tgt_prefix": "http://purl.obolibrary.org/obo/",

        "train_mapping_file": "None",
        "__train_mapping_file": "None if not using training mappings",
        "valid_mapping_file": "MONDO_Subs/refs/ncit2doid/unsupervised/val.tsv",
        "test_mapping_file": "MONDO_Subs/refs/ncit2doid/unsupervised/test.tsv",
        "eval_subsumption_file": "MONDO_Subs/refs/ncit2doid/unsupervised/src2tgt.rank/for_eval/src2tgt.anchored.maps.json",

        "train_subsumption_file": "None",
        "valid_subsumption_file": "ncit2doid/valid_subsumptions.csv",
        "test_subsumption_file": "ncit2doid/test_subsumptions.csv",

        "prompt_type": "isolated",
        "prompt_hop": 1,
        "prompt_max_subsumptions": 3,
        "use_sub_special_token": false,
        "context_dup": 4,
        "__comment_prompt": "prompt type: 'isolated', 'traversal', 'path'; use_sub_special_token = True: <SUB>, otherwise: <SEP>",

        "max_length": 128,
        "batch_size": 32
    },

    "fine-tune": {
        "do-fine-tune": true,
        "pretrained": "bert-base-uncased",
        "tokenizer": "bert-base-uncased",
        "output_dir":"fine-tuned-bert-ncit2doid",
        "warm_up_ratio": 0.0,
        "num_epochs": 5.0,
        "early_stop": false,
        "train_pos_dup": 2,
        "train_neg_dup": 2
    }
}
