SrcEntity	TgtEntity	Score
snomed:37512009	fma:fma45728	1.0
snomed:113322007	fma:fma51892	1.0
snomed:7820009	fma:fma83840	1.0
snomed:279127002	fma:fma256693	1.0
snomed:25509000	fma:fma40857	1.0
snomed:61506003	fma:fma16081	1.0
snomed:87600000	fma:fma22738	1.0
snomed:29168006	fma:fma20694	1.0
snomed:50755001	fma:fma64829	1.0
snomed:41296002	fma:fma82472	1.0
snomed:86618006	fma:fma24493	1.0
snomed:60361003	fma:fma21577	1.0
snomed:15650002	fma:fma77883	1.0
snomed:55155007	fma:fma63814	1.0
snomed:82407001	fma:fma13429	1.0
snomed:23626002	fma:fma321450	1.0
snomed:48977002	fma:fma56732	1.0
snomed:18294001	fma:fma63814	1.0
snomed:65469002	fma:fma23014	1.0
snomed:40716006	fma:fma13367	1.0
snomed:277868004	fma:fma82482	1.0
snomed:26641008	fma:fma71856	1.0
snomed:369191008	fma:fma75735	1.0
snomed:39484005	fma:fma13442	1.0
snomed:128253009	fma:fma269302	1.0
snomed:70791007	fma:fma66464	1.0
snomed:386045008	fma:fma71012	1.0
snomed:206486005	fma:fma22930	1.0
snomed:47985009	fma:fma71786	1.0
snomed:79208000	fma:fma49553	1.0
snomed:21440004	fma:fma82494	1.0
snomed:21133008	fma:fma24013	1.0
snomed:89858007	fma:fma276755	1.0
snomed:206400002	fma:fma71209	1.0
snomed:275606004	fma:fma280989	1.0
snomed:367734001	fma:fma18889	1.0
snomed:18552003	fma:fma13280	1.0
snomed:360487004	fma:fma86254	1.0
snomed:63401003	fma:fma67619	1.0
snomed:48987003	fma:fma321471	1.0
snomed:51842002	fma:fma80177	1.0
snomed:67937003	fma:fma82594	1.0
snomed:31065004	fma:fma61823	1.0
snomed:274060004	fma:fma70484	1.0
snomed:244824003	fma:fma32558	1.0
snomed:245353004	fma:fma71817	1.0
snomed:282031000	fma:fma16615	1.0
snomed:368971007	fma:fma77705	1.0
snomed:77335001	fma:fma50176	1.0
snomed:62794008	fma:fma44947	1.0
snomed:304928001	fma:fma64020	1.0
snomed:54714005	fma:fma323281	1.0
snomed:279413002	fma:fma32558	1.0
snomed:24528003	fma:fma9155	1.0
snomed:29333002	fma:fma67601	1.0
snomed:280295009	fma:fma6228	1.0
snomed:368482006	fma:fma22953	1.0
snomed:17232002	fma:fma70506	1.0
snomed:86419007	fma:fma9619	1.0
snomed:51307005	fma:fma67619	1.0
snomed:65930000	fma:fma46751	1.0
snomed:279813005	fma:fma276755	1.0
snomed:245928007	fma:fma44580	1.0
snomed:73769004	fma:fma50185	1.0
snomed:12437000	fma:fma82485	1.0
snomed:245351002	fma:fma71786	1.0
snomed:16357002	fma:fma63814	1.0
snomed:74063004	fma:fma16126	1.0
snomed:60592002	fma:fma54643	1.0
snomed:5366008	fma:fma274528	1.0
snomed:314732008	fma:fma66193	1.0
snomed:41776006	fma:fma82472	1.0
snomed:280534006	fma:fma74941	1.0
snomed:35809003	fma:fma44819	1.0
snomed:58317009	fma:fma21520	1.0
snomed:281385007	fma:fma82472	1.0
snomed:88442005	fma:fma83930	1.0
snomed:41442003	fma:fma45860	1.0
snomed:60028002	fma:fma63814	1.0
snomed:39197003	fma:fma58617	1.0
snomed:426884007	fma:fma284641	1.0
snomed:30308002	fma:fma64990	1.0
snomed:60778005	fma:fma82472	1.0
snomed:302668004	fma:fma63814	1.0
snomed:56738007	fma:fma69805	1.0
snomed:58280001	fma:fma12516	1.0
snomed:30518006	fma:fma33302	1.0
snomed:23591007	fma:fma63814	1.0
snomed:245155004	fma:fma39410	1.0
snomed:33060004	fma:fma83143	1.0
snomed:263442003	fma:fma37626	1.0
snomed:61538008	fma:fma83840	1.0
snomed:24279008	fma:fma8707	1.0
snomed:79460007	fma:fma256176	1.0
snomed:73913000	fma:fma23914	1.0
snomed:397439002	fma:fma15396	1.0
snomed:52586000	fma:fma66316	1.0
snomed:23074001	fma:fma70505	1.0
snomed:37720009	fma:fma6228	1.0
snomed:70116008	fma:fma51892	1.0
snomed:35925009	fma:fma67619	1.0
snomed:64424004	fma:fma67619	1.0
snomed:71469005	fma:fma86188	1.0
snomed:280028008	fma:fma32821	1.0
snomed:58471003	fma:fma82472	1.0
snomed:76752008	fma:fma49443	1.0
snomed:38085006	fma:fma14065	1.0
snomed:70957002	fma:fma85353	1.0
snomed:78748003	fma:fma84357	1.0
snomed:31657003	fma:fma61138	1.0
snomed:67046006	fma:fma82472	1.0
snomed:71030005	fma:fma49589	1.0
snomed:73930003	fma:fma9619	1.0
snomed:69692000	fma:fma67611	1.0
snomed:8821006	fma:fma43901	1.0
snomed:19015001	fma:fma83465	1.0
snomed:278790007	fma:fma78573	1.0
snomed:21577005	fma:fma57807	1.0
snomed:82221002	fma:fma67165	1.0
snomed:246011001	fma:fma50185	1.0
snomed:72747001	fma:fma67619	1.0
snomed:279800004	fma:fma66170	1.0
snomed:88370006	fma:fma46012	1.0
snomed:422646002	fma:fma71906	1.0
snomed:361655004	fma:fma12536	1.0
snomed:367985004	fma:fma7577	1.0
snomed:186120009	fma:fma8755	1.0
snomed:245531000	fma:fma67135	1.0
snomed:181087006	fma:fma44793	1.0
snomed:29627003	fma:fma67619	1.0
snomed:63572008	fma:fma67619	1.0
snomed:56884009	fma:fma274520	1.0
snomed:27284009	fma:fma22966	1.0
snomed:89546000	fma:fma67135	1.0
snomed:74676009	fma:fma64989	1.0
snomed:73903008	fma:fma9914	1.0
snomed:23848006	fma:fma8716	1.0
snomed:64395006	fma:fma49688	1.0
snomed:37424004	fma:fma55588	1.0
snomed:9736006	fma:fma67135	1.0
snomed:52618001	fma:fma74629	1.0
snomed:23492003	fma:fma7146	1.0
snomed:245297003	fma:fma71817	1.0
snomed:28347008	fma:fma67135	1.0
snomed:116353002	fma:fma67619	1.0
snomed:85803001	fma:fma54241	1.0
snomed:51309008	fma:fma9152	1.0
snomed:245357003	fma:fma66193	1.0
snomed:53603007	fma:fma50723	1.0
snomed:280188009	fma:fma52610	1.0
snomed:81623005	fma:fma15860	1.0
snomed:260540009	fma:fma67135	1.0
snomed:263434004	fma:fma37580	1.0
snomed:20188000	fma:fma77959	1.0
snomed:42972002	fma:fma67619	1.0
snomed:33813008	fma:fma9150	1.0
snomed:35039007	fma:fma55672	1.0
snomed:91030001	fma:fma322264	1.0
snomed:153622002	fma:fma51728	1.0
snomed:69912002	fma:fma67745	1.0
snomed:427580000	fma:fma284641	1.0
snomed:25375006	fma:fma6188	1.0
snomed:78394002	fma:fma321458	1.0
snomed:12656001	fma:fma67619	1.0
snomed:74932000	fma:fma13194	1.0
snomed:91731005	fma:fma70399	1.0
snomed:36582005	fma:fma5905	1.0
snomed:313302006	fma:fma78562	1.0
snomed:47985009	fma:fma277610	1.0
snomed:90776001	fma:fma15396	1.0
snomed:37285002	fma:fma67619	1.0
snomed:20963009	fma:fma82472	1.0
snomed:321667001	fma:fma67135	1.0
snomed:414722000	fma:fma50080	1.0
snomed:68915008	fma:fma61213	1.0
snomed:41026000	fma:fma302155	1.0
snomed:56734009	fma:fma86140	1.0
snomed:40659005	fma:fma67619	1.0
snomed:272657006	fma:fma82482	1.0
snomed:60039004	fma:fma14502	1.0
snomed:12527008	fma:fma67619	1.0
snomed:79869003	fma:fma5910	1.0
snomed:305098004	fma:fma44125	1.0
snomed:5780004	fma:fma82472	1.0
snomed:46584009	fma:fma63814	1.0
snomed:74548007	fma:fma274528	1.0
snomed:58159000	fma:fma22859	1.0
snomed:52181001	fma:fma321023	1.0
snomed:54728004	fma:fma62466	1.0
snomed:8012006	fma:fma50031	1.0
snomed:368722007	fma:fma71493	1.0
snomed:281227003	fma:fma71786	1.0
snomed:61122006	fma:fma75735	1.0
snomed:81745001	fma:fma55672	1.0
snomed:28074003	fma:fma279764	1.0
snomed:80867000	fma:fma66193	1.0
snomed:288486003	fma:fma6028	1.0
snomed:15672000	fma:fma70505	1.0
snomed:90981002	fma:fma83465	1.0
snomed:2484000	fma:fma322264	1.0
snomed:280511002	fma:fma5910	1.0
snomed:3743007	fma:fma70345	1.0
snomed:78480002	fma:fma268161	1.0
snomed:264198001	fma:fma5866	1.0
snomed:280409008	fma:fma277749	1.0
snomed:123861005	fma:fma70779	1.0
snomed:72720006	fma:fma67619	1.0
snomed:33770006	fma:fma12771	1.0
snomed:42321004	fma:fma63814	1.0
snomed:181188003	fma:fma82472	1.0
snomed:38242008	fma:fma78590	1.0
snomed:305021001	fma:fma67619	1.0
snomed:44557006	fma:fma6797	1.0
snomed:295366003	fma:fma63814	1.0
snomed:48624009	fma:fma50031	1.0
snomed:47467005	fma:fma46335	1.0
snomed:35120000	fma:fma13290	1.0
snomed:55601007	fma:fma70506	1.0
snomed:42472007	fma:fma71817	1.0
snomed:282116006	fma:fma16615	1.0
snomed:57131003	fma:fma82472	1.0
snomed:274329007	fma:fma70484	1.0
snomed:30518006	fma:fma321023	1.0
snomed:41801008	fma:fma66464	1.0
snomed:84206009	fma:fma82485	1.0
snomed:368452000	fma:fma321446	1.0
snomed:81230007	fma:fma279764	1.0
snomed:80867000	fma:fma71817	1.0
snomed:62551000	fma:fma13894	1.0
snomed:36441008	fma:fma322265	1.0
snomed:32332001	fma:fma20570	1.0
snomed:82509000	fma:fma51244	1.0
snomed:23538004	fma:fma82485	1.0
snomed:49090002	fma:fma321458	1.0
snomed:41948009	fma:fma82472	1.0
snomed:315003	fma:fma67619	1.0
snomed:38703007	fma:fma49443	1.0
snomed:6623004	fma:fma49445	1.0
snomed:66051006	fma:fma67619	1.0
snomed:368248003	fma:fma42297	1.0
snomed:45592007	fma:fma256693	1.0
snomed:48762002	fma:fma22472	1.0
snomed:67240005	fma:fma37368	1.0
snomed:245102005	fma:fma63221	1.0
snomed:18447006	fma:fma16080	1.0
snomed:314724000	fma:fma64989	1.0
snomed:12620004	fma:fma67135	1.0
snomed:181729002	fma:fma37456	1.0
snomed:20360001	fma:fma70505	1.0
snomed:78904004	fma:fma67135	1.0
snomed:33487007	fma:fma44947	1.0
snomed:34292001	fma:fma63819	1.0
snomed:244724009	fma:fma9617	1.0
snomed:369307008	fma:fma50436	1.0
snomed:67082001	fma:fma66313	1.0
snomed:33598006	fma:fma75431	1.0
snomed:244605003	fma:fma265178	1.0
snomed:43719000	fma:fma67619	1.0
snomed:6110005	fma:fma67135	1.0
snomed:76582004	fma:fma82485	1.0
snomed:279969002	fma:fma64989	1.0
snomed:245300008	fma:fma71817	1.0
snomed:2334006	fma:fma86140	1.0
snomed:102298001	fma:fma78568	1.0
snomed:32743007	fma:fma63814	1.0
snomed:3134008	fma:fma33820	1.0
snomed:86197001	fma:fma9141	1.0
snomed:71754005	fma:fma49992	1.0
snomed:17758003	fma:fma82485	1.0
snomed:263447009	fma:fma37522	1.0
snomed:32936006	fma:fma49688	1.0
snomed:46967009	fma:fma67619	1.0
snomed:54247002	fma:fma68045	1.0
snomed:78509001	fma:fma12516	1.0
snomed:29353003	fma:fma269302	1.0
snomed:263425009	fma:fma37626	1.0
snomed:65289004	fma:fma57456	1.0
snomed:30130006	fma:fma274516	1.0
snomed:246180009	fma:fma86140	1.0
snomed:28726007	fma:fma58102	1.0
snomed:72226001	fma:fma22424	1.0
snomed:699886009	fma:fma78590	1.0
snomed:66005005	fma:fma9152	1.0
snomed:88340001	fma:fma32559	1.0
snomed:26701009	fma:fma78551	1.0
snomed:245278003	fma:fma276755	1.0
snomed:72473005	fma:fma67619	1.0
snomed:71758008	fma:fma44323	1.0
snomed:12013007	fma:fma16068	1.0
snomed:51249003	fma:fma49910	1.0
snomed:280282004	fma:fma63819	1.0
snomed:113192009	fma:fma55673	1.0
snomed:20826001	fma:fma14065	1.0
snomed:263424008	fma:fma37614	1.0
snomed:17051003	fma:fma70779	1.0
snomed:62284004	fma:fma258762	1.0
snomed:55578007	fma:fma39992	1.0
snomed:26818002	fma:fma49443	1.0
snomed:30733001	fma:fma297484	1.0
snomed:302731009	fma:fma66464	1.0
snomed:56753004	fma:fma73754	1.0
snomed:272673000	fma:fma70779	1.0
snomed:20166000	fma:fma61314	1.0
snomed:28144008	fma:fma83847	1.0
snomed:77011004	fma:fma322156	1.0
snomed:277955006	fma:fma82494	1.0
snomed:54268001	fma:fma265333	1.0
snomed:66928008	fma:fma67619	1.0
snomed:69585000	fma:fma67619	1.0
snomed:367788006	fma:fma67619	1.0
snomed:27807007	fma:fma67619	1.0
snomed:305051007	fma:fma42323	1.0
snomed:368064004	fma:fma63814	1.0
snomed:16057008	fma:fma13195	1.0
snomed:83394008	fma:fma322489	1.0
snomed:6864006	fma:fma14065	1.0
snomed:246279002	fma:fma86140	1.0
snomed:56069004	fma:fma82472	1.0
snomed:368518000	fma:fma22693	1.0
snomed:68305005	fma:fma5910	1.0
snomed:2205003	fma:fma9153	1.0
snomed:80622005	fma:fma5865	1.0
snomed:90411004	fma:fma49445	1.0
snomed:863902006	fma:fma55812	1.0
snomed:76015000	fma:fma70433	1.0
snomed:788302008	fma:fma52999	1.0
snomed:35538005	fma:fma14065	1.0
snomed:279255008	fma:fma82472	1.0
snomed:84694005	fma:fma67396	1.0
snomed:295569009	fma:fma63814	1.0
snomed:18402005	fma:fma64990	1.0
snomed:37609000	fma:fma52610	1.0
snomed:8820007	fma:fma9152	1.0
snomed:153016005	fma:fma50883	1.0
snomed:25990002	fma:fma86140	1.0
snomed:245124005	fma:fma322795	1.0
snomed:711192008	fma:fma34624	1.0
snomed:26691007	fma:fma67619	1.0
snomed:46971007	fma:fma33814	1.0
snomed:19177003	fma:fma44210	1.0
snomed:28190000	fma:fma64922	1.0
snomed:12192001	fma:fma25624	1.0
snomed:32610002	fma:fma83840	1.0
snomed:87463005	fma:fma83865	1.0
snomed:34133003	fma:fma30320	1.0
snomed:38671000	fma:fma60120	1.0
snomed:29836001	fma:fma24960	1.0
snomed:894095000	fma:fma82472	1.0
snomed:48462001	fma:fma50982	1.0
snomed:72868005	fma:fma63637	1.0
snomed:244083007	fma:fma59345	1.0
snomed:38108009	fma:fma64990	1.0
snomed:31486005	fma:fma38491	1.0
snomed:245056000	fma:fma318738	1.0
snomed:22675007	fma:fma78562	1.0
snomed:280191009	fma:fma53418	1.0
snomed:13348000	fma:fma67619	1.0
snomed:55026002	fma:fma67135	1.0
snomed:86230008	fma:fma274526	1.0
snomed:39976000	fma:fma9915	1.0
snomed:340365001	fma:fma74613	1.0
snomed:74757004	fma:fma37750	1.0
snomed:243553001	fma:fma78562	1.0
snomed:89690004	fma:fma82472	1.0
snomed:37108007	fma:fma59349	1.0
snomed:44985000	fma:fma277749	1.0
snomed:41219008	fma:fma13554	1.0
snomed:865995000	fma:fma55811	1.0
snomed:113328006	fma:fma284644	1.0
snomed:86547008	fma:fma268712	1.0
snomed:245316005	fma:fma71843	1.0
snomed:280161004	fma:fma5981	1.0
snomed:303405004	fma:fma9865	1.0
snomed:281320004	fma:fma71786	1.0
snomed:20218002	fma:fma7407	1.0
snomed:71439003	fma:fma19728	1.0
snomed:67239008	fma:fma49443	1.0
snomed:36913000	fma:fma9149	1.0
snomed:423227001	fma:fma18889	1.0
snomed:263419005	fma:fma37592	1.0
snomed:59011009	fma:fma70345	1.0
snomed:61352006	fma:fma25624	1.0
snomed:81298002	fma:fma67619	1.0
snomed:58110004	fma:fma321458	1.0
snomed:55678000	fma:fma24530	1.0
snomed:40689003	fma:fma55662	1.0
snomed:67923007	fma:fma83153	1.0
snomed:245264004	fma:fma61213	1.0
snomed:312507009	fma:fma21240	1.0
snomed:17505006	fma:fma84211	1.0
snomed:181506008	fma:fma258970	1.0
snomed:59914003	fma:fma30320	1.0
snomed:32573001	fma:fma64916	1.0
snomed:368722007	fma:fma59983	1.0
snomed:368509002	fma:fma22738	1.0
snomed:56439003	fma:fma70436	1.0
snomed:4150005	fma:fma5910	1.0
snomed:129122007	fma:fma55662	1.0
snomed:4093007	fma:fma6228	1.0
snomed:36169008	fma:fma61823	1.0
snomed:88286002	fma:fma12863	1.0
snomed:6799003	fma:fma67938	1.0
snomed:369274003	fma:fma82472	1.0
snomed:60433008	fma:fma63819	1.0
snomed:77428008	fma:fma14764	1.0
snomed:91735001	fma:fma66464	1.0
snomed:35721009	fma:fma44227	1.0
snomed:86366007	fma:fma21492	1.0
snomed:264105008	fma:fma64989	1.0
snomed:89658009	fma:fma67619	1.0
snomed:78204007	fma:fma83465	1.0
snomed:16228004	fma:fma66194	1.0
snomed:181381004	fma:fma50804	1.0
snomed:47325000	fma:fma82472	1.0
snomed:245149009	fma:fma39394	1.0
snomed:35769007	fma:fma67135	1.0
snomed:180995000	fma:fma18028	1.0
snomed:80049006	fma:fma83930	1.0
snomed:113241007	fma:fma78561	1.0
snomed:361663003	fma:fma70140	1.0
snomed:124002	fma:fma67619	1.0
snomed:29317000	fma:fma256693	1.0
snomed:88017005	fma:fma61851	1.0
snomed:13408007	fma:fma23093	1.0
snomed:63231007	fma:fma284637	1.0
snomed:22823000	fma:fma64822	1.0
snomed:75740006	fma:fma258762	1.0
snomed:9320007	fma:fma32427	1.0
snomed:68594002	fma:fma61109	1.0
snomed:63464009	fma:fma37758	1.0
snomed:67834006	fma:fma84218	1.0
snomed:279300007	fma:fma62466	1.0
snomed:245062005	fma:fma318738	1.0
snomed:31171007	fma:fma44310	1.0
snomed:279258005	fma:fma82472	1.0
snomed:31145008	fma:fma70505	1.0
snomed:59641005	fma:fma60027	1.0
snomed:4958002	fma:fma62514	1.0
snomed:88089004	fma:fma59355	1.0
snomed:113253006	fma:fma82493	1.0
snomed:3937002	fma:fma82472	1.0
snomed:54658003	fma:fma82485	1.0
snomed:279816002	fma:fma71758	1.0
snomed:66965005	fma:fma71209	1.0
snomed:91787002	fma:fma22738	1.0
snomed:313762007	fma:fma63814	1.0
snomed:50468005	fma:fma82472	1.0
snomed:8165001	fma:fma9155	1.0
snomed:81842007	fma:fma16126	1.0
snomed:68179006	fma:fma16077	1.0
snomed:25270003	fma:fma20194	1.0
snomed:42981008	fma:fma62444	1.0
snomed:78679006	fma:fma67619	1.0
snomed:5815008	fma:fma312408	1.0
snomed:367735000	fma:fma63814	1.0
snomed:312165009	fma:fma63819	1.0
snomed:368245000	fma:fma73149	1.0
snomed:4430002	fma:fma67619	1.0
snomed:42874002	fma:fma75253	1.0
snomed:60120006	fma:fma67619	1.0
snomed:79601000	fma:fma67135	1.0
snomed:85710004	fma:fma281808	1.0
snomed:116006008	fma:fma9689	1.0
snomed:415145005	fma:fma50589	1.0
snomed:278877009	fma:fma5913	1.0
snomed:32713005	fma:fma86140	1.0
snomed:423331005	fma:fma55725	1.0
snomed:88216007	fma:fma5866	1.0
snomed:44375006	fma:fma83858	1.0
snomed:304939003	fma:fma321697	1.0
snomed:74636004	fma:fma78551	1.0
snomed:280863004	fma:fma78558	1.0
snomed:51782004	fma:fma302986	1.0
snomed:85168005	fma:fma78640	1.0
snomed:361567006	fma:fma279764	1.0
snomed:261142000	fma:fma86140	1.0
snomed:24865005	fma:fma13440	1.0
snomed:65116009	fma:fma52410	1.0
snomed:79727005	fma:fma64916	1.0
snomed:59150006	fma:fma82485	1.0
snomed:26607000	fma:fma9149	1.0
snomed:68330008	fma:fma18935	1.0
snomed:63406008	fma:fma67135	1.0
snomed:28419008	fma:fma82472	1.0
snomed:47067000	fma:fma49554	1.0
snomed:71553001	fma:fma86140	1.0
snomed:53030001	fma:fma44686	1.0
snomed:83791002	fma:fma78561	1.0
snomed:79906008	fma:fma20545	1.0
snomed:211283009	fma:fma32427	1.0
snomed:61787008	fma:fma67619	1.0
snomed:58260002	fma:fma9149	1.0
snomed:72665006	fma:fma67619	1.0
snomed:33972007	fma:fma67135	1.0
snomed:10415000	fma:fma62415	1.0
snomed:279365004	fma:fma277765	1.0
snomed:2812003	fma:fma67619	1.0
snomed:60894006	fma:fma45737	1.0
snomed:13351007	fma:fma66760	1.0
snomed:37176007	fma:fma83906	1.0
snomed:420800007	fma:fma44311	1.0
snomed:46926004	fma:fma55588	1.0
snomed:6268000	fma:fma49445	1.0
snomed:19898001	fma:fma82472	1.0
snomed:51722002	fma:fma19811	1.0
snomed:182481001	fma:fma10480	1.0
snomed:76138000	fma:fma82472	1.0
snomed:41224006	fma:fma7335	1.0
snomed:263445001	fma:fma37498	1.0
snomed:245842003	fma:fma82472	1.0
snomed:12424003	fma:fma14174	1.0
snomed:1527006	fma:fma9153	1.0
snomed:50200003	fma:fma77179	1.0
snomed:23655005	fma:fma71481	1.0
snomed:74806005	fma:fma13273	1.0
snomed:361647006	fma:fma12529	1.0
snomed:280340000	fma:fma5985	1.0
snomed:85458007	fma:fma82472	1.0
snomed:44091000	fma:fma9156	1.0
snomed:64339002	fma:fma33826	1.0
snomed:27690001	fma:fma9155	1.0
snomed:57421003	fma:fma53470	1.0
snomed:36157000	fma:fma9156	1.0
snomed:71133005	fma:fma13361	1.0
snomed:113340006	fma:fma71843	1.0
snomed:41695006	fma:fma64989	1.0
snomed:244455004	fma:fma5885	1.0
snomed:10339006	fma:fma10457	1.0
snomed:14347000	fma:fma67619	1.0
snomed:41216001	fma:fma55662	1.0
snomed:7378008	fma:fma83840	1.0
snomed:180997008	fma:fma18028	1.0
snomed:84248002	fma:fma23894	1.0
snomed:59438005	fma:fma66328	1.0
snomed:40483008	fma:fma6188	1.0
snomed:168557005	fma:fma78571	1.0
snomed:86833001	fma:fma82485	1.0
snomed:6001004	fma:fma9620	1.0
snomed:74858004	fma:fma65239	1.0
snomed:158768009	fma:fma14317	1.0
snomed:71737002	fma:fma9141	1.0
snomed:152410000	fma:fma63814	1.0
snomed:68530009	fma:fma61081	1.0
snomed:1706004	fma:fma45737	1.0
snomed:314410003	fma:fma60802	1.0
snomed:280910008	fma:fma86140	1.0
snomed:181904004	fma:fma13458	1.0
snomed:7569003	fma:fma67135	1.0
snomed:53717005	fma:fma13280	1.0
snomed:8523001	fma:fma9156	1.0
snomed:396956009	fma:fma67135	1.0
snomed:1467009	fma:fma49653	1.0
snomed:280292007	fma:fma53470	1.0
snomed:60494004	fma:fma64989	1.0
snomed:24227007	fma:fma6228	1.0
snomed:59820001	fma:fma312599	1.0
snomed:7991003	fma:fma23012	1.0
snomed:42575006	fma:fma67619	1.0
snomed:865909004	fma:fma49443	1.0
snomed:33641005	fma:fma70358	1.0
snomed:75535001	fma:fma55662	1.0
snomed:52359001	fma:fma22937	1.0
snomed:57481001	fma:fma50723	1.0
snomed:369371008	fma:fma51006	1.0
snomed:25683005	fma:fma78571	1.0
snomed:55250007	fma:fma51948	1.0
snomed:7295002	fma:fma50185	1.0
snomed:256876008	fma:fma67135	1.0
snomed:15731009	fma:fma6911	1.0
snomed:68502009	fma:fma82472	1.0
snomed:61940009	fma:fma14197	1.0
snomed:61840008	fma:fma82485	1.0
snomed:81128002	fma:fma14171	1.0
snomed:45879002	fma:fma33123	1.0
snomed:21332009	fma:fma82472	1.0
snomed:60176003	fma:fma70506	1.0
snomed:44755000	fma:fma321450	1.0
snomed:23451007	fma:fma55663	1.0
snomed:38925005	fma:fma61108	1.0
snomed:8251006	fma:fma86140	1.0
snomed:57826002	fma:fma55801	1.0
snomed:54510003	fma:fma67601	1.0
snomed:6413002	fma:fma66193	1.0
snomed:37623003	fma:fma67619	1.0
snomed:44334004	fma:fma9150	1.0
snomed:46410005	fma:fma9153	1.0
snomed:35989001	fma:fma49539	1.0
snomed:393006	fma:fma82482	1.0
snomed:24573005	fma:fma55804	1.0
snomed:15119000	fma:fma63819	1.0
snomed:86580001	fma:fma10457	1.0
snomed:16225001	fma:fma37711	1.0
snomed:421988007	fma:fma276805	1.0
snomed:423616005	fma:fma63814	1.0
snomed:15878004	fma:fma82472	1.0
snomed:12892004	fma:fma55665	1.0
snomed:127906001	fma:fma30320	1.0
snomed:23114008	fma:fma82472	1.0
snomed:68847004	fma:fma82472	1.0
snomed:57008001	fma:fma63814	1.0
snomed:87166008	fma:fma7477	1.0
snomed:1155643006	fma:fma44310	1.0
snomed:245866009	fma:fma24951	1.0
snomed:88465000	fma:fma46751	1.0
snomed:29067003	fma:fma80177	1.0
snomed:80461005	fma:fma46620	1.0
snomed:360452004	fma:fma258762	1.0
snomed:13900008	fma:fma83906	1.0
snomed:427319007	fma:fma82472	1.0
snomed:4093007	fma:fma63819	1.0
snomed:277731006	fma:fma63814	1.0
snomed:21875007	fma:fma301820	1.0
snomed:152410000	fma:fma50931	1.0
snomed:60405008	fma:fma85272	1.0
snomed:83555006	fma:fma278572	1.0
snomed:6651008	fma:fma277765	1.0
snomed:67376009	fma:fma65239	1.0
snomed:113209001	fma:fma10455	1.0
snomed:63761000	fma:fma3731	1.0
snomed:244117002	fma:fma23012	1.0
snomed:15621009	fma:fma23893	1.0
snomed:82557006	fma:fma6887	1.0
snomed:55418004	fma:fma67135	1.0
snomed:12039005	fma:fma82500	1.0
snomed:29376000	fma:fma38472	1.0
snomed:49390008	fma:fma64019	1.0
snomed:79959005	fma:fma64917	1.0
snomed:64131007	fma:fma62512	1.0
snomed:33594008	fma:fma78565	1.0
snomed:29038004	fma:fma67619	1.0
snomed:72031006	fma:fma86140	1.0
snomed:85647005	fma:fma52571	1.0
snomed:23718002	fma:fma83840	1.0
snomed:62406002	fma:fma20570	1.0
snomed:29762003	fma:fma83840	1.0
snomed:233474004	fma:fma70779	1.0
snomed:245863001	fma:fma24951	1.0
snomed:410726006	fma:fma61940	1.0
snomed:294959001	fma:fma86188	1.0
snomed:282829008	fma:fma78562	1.0
snomed:49200000	fma:fma67619	1.0
snomed:28225005	fma:fma312599	1.0
snomed:52359001	fma:fma63814	1.0
snomed:245291002	fma:fma71786	1.0
snomed:21746006	fma:fma84059	1.0
snomed:37507008	fma:fma46699	1.0
snomed:23409000	fma:fma67619	1.0
snomed:66040006	fma:fma281808	1.0
snomed:118922002	fma:fma50586	1.0
snomed:14975008	fma:fma78541	1.0
snomed:76659008	fma:fma71786	1.0
snomed:47781008	fma:fma42452	1.0
snomed:304924004	fma:fma322244	1.0
snomed:134197004	fma:fma50185	1.0
snomed:310550007	fma:fma44960	1.0
snomed:420455000	fma:fma59701	1.0
snomed:43851006	fma:fma13268	1.0
snomed:63802003	fma:fma58712	1.0
snomed:50292000	fma:fma322043	1.0
snomed:244331005	fma:fma69458	1.0
snomed:261078007	fma:fma55665	1.0
snomed:62290000	fma:fma54439	1.0
snomed:40880001	fma:fma77959	1.0
snomed:81883005	fma:fma83465	1.0
snomed:272708001	fma:fma23893	1.0
snomed:246024001	fma:fma22844	1.0
snomed:61106005	fma:fma82500	1.0
snomed:31060009	fma:fma67619	1.0
snomed:118762006	fma:fma9689	1.0
snomed:43899006	fma:fma69458	1.0
snomed:70692008	fma:fma9150	1.0
snomed:75943001	fma:fma82472	1.0
snomed:304942009	fma:fma83840	1.0
snomed:81180006	fma:fma49589	1.0
snomed:9994000	fma:fma9155	1.0
snomed:37252005	fma:fma45246	1.0
snomed:49475008	fma:fma14065	1.0
snomed:7345001	fma:fma78562	1.0
snomed:2543001	fma:fma67619	1.0
snomed:280206003	fma:fma52571	1.0
snomed:11098002	fma:fma13193	1.0
snomed:245775004	fma:fma70779	1.0
snomed:20682003	fma:fma78561	1.0
snomed:245884006	fma:fma13736	1.0
snomed:782861003	fma:fma82472	1.0
snomed:42298004	fma:fma71481	1.0
snomed:24572000	fma:fma16079	1.0
snomed:8993003	fma:fma63814	1.0
snomed:45793000	fma:fma84081	1.0
snomed:84582007	fma:fma11106	1.0
snomed:245963002	fma:fma13734	1.0
snomed:49412003	fma:fma5910	1.0
snomed:32781002	fma:fma84573	1.0
snomed:280868008	fma:fma81494	1.0
snomed:23952005	fma:fma67619	1.0
snomed:410741006	fma:fma67619	1.0
snomed:280278001	fma:fma53438	1.0
snomed:88634001	fma:fma6905	1.0
snomed:54580005	fma:fma9151	1.0
snomed:71969001	fma:fma63819	1.0
snomed:68064002	fma:fma74866	1.0
snomed:863898000	fma:fma55815	1.0
snomed:54011007	fma:fma44286	1.0
snomed:70291006	fma:fma67165	1.0
snomed:3665003	fma:fma64989	1.0
snomed:64038003	fma:fma71758	1.0
snomed:282116006	fma:fma300949	1.0
snomed:42914006	fma:fma67135	1.0
snomed:31200000	fma:fma71481	1.0
snomed:65784005	fma:fma82472	1.0
snomed:281939003	fma:fma300949	1.0
snomed:66286004	fma:fma24013	1.0
snomed:77141004	fma:fma67619	1.0
snomed:12164006	fma:fma67951	1.0
snomed:53520000	fma:fma63819	1.0
snomed:367734001	fma:fma21240	1.0
snomed:8057002	fma:fma84053	1.0
snomed:70373004	fma:fma24493	1.0
snomed:31180007	fma:fma322826	1.0
snomed:26519002	fma:fma86140	1.0
snomed:18209004	fma:fma77959	1.0
snomed:90769006	fma:fma55664	1.0
snomed:424881001	fma:fma256693	1.0
snomed:83010009	fma:fma75253	1.0
snomed:113217009	fma:fma16126	1.0
snomed:57008001	fma:fma77883	1.0
snomed:85803001	fma:fma70752	1.0
snomed:54277008	fma:fma13458	1.0
snomed:9325002	fma:fma66412	1.0
snomed:25561000	fma:fma72246	1.0
snomed:279795009	fma:fma16629	1.0
snomed:422559003	fma:fma51802	1.0
snomed:48913005	fma:fma86140	1.0
snomed:84654008	fma:fma67135	1.0
snomed:17980005	fma:fma52624	1.0
snomed:41425009	fma:fma82472	1.0
snomed:818996002	fma:fma63814	1.0
snomed:76848001	fma:fma9689	1.0
snomed:27722006	fma:fma71481	1.0
snomed:84667006	fma:fma67135	1.0
snomed:91736000	fma:fma14854	1.0
snomed:78743007	fma:fma61343	1.0
snomed:49927009	fma:fma70044	1.0
snomed:46564005	fma:fma242392	1.0
snomed:180990005	fma:fma16421	1.0
snomed:35664009	fma:fma77630	1.0
snomed:47246007	fma:fma25624	1.0
snomed:81016008	fma:fma82472	1.0
snomed:279126006	fma:fma256693	1.0
snomed:8079007	fma:fma65239	1.0
snomed:87792005	fma:fma65539	1.0
snomed:60613003	fma:fma67619	1.0
snomed:9999005	fma:fma86140	1.0
snomed:38412008	fma:fma64989	1.0
snomed:69987000	fma:fma49653	1.0
snomed:48239000	fma:fma80023	1.0
snomed:6606008	fma:fma44210	1.0
snomed:361651008	fma:fma12533	1.0
snomed:788303003	fma:fma52999	1.0
snomed:86690003	fma:fma12186	1.0
snomed:10937003	fma:fma84053	1.0
snomed:422867004	fma:fma277770	1.0
snomed:41421000	fma:fma67135	1.0
snomed:76206002	fma:fma10455	1.0
snomed:6006009	fma:fma82485	1.0
snomed:71098000	fma:fma55559	1.0
snomed:361572002	fma:fma83676	1.0
snomed:264254009	fma:fma55672	1.0
snomed:37248005	fma:fma32850	1.0
snomed:280294008	fma:fma53470	1.0
snomed:279181004	fma:fma274526	1.0
snomed:57369001	fma:fma82485	1.0
snomed:285632004	fma:fma15396	1.0
snomed:33180001	fma:fma55558	1.0
snomed:80195002	fma:fma63814	1.0
snomed:245437003	fma:fma66329	1.0
snomed:1502004	fma:fma21520	1.0
snomed:64952003	fma:fma44725	1.0
snomed:45950005	fma:fma58617	1.0
snomed:20988001	fma:fma49653	1.0
snomed:276956002	fma:fma86301	1.0
snomed:113313006	fma:fma53400	1.0
snomed:113269004	fma:fma66464	1.0
snomed:263444002	fma:fma37650	1.0
snomed:31243008	fma:fma20278	1.0
snomed:6533001	fma:fma86140	1.0
snomed:24785000	fma:fma37750	1.0
snomed:67327003	fma:fma302988	1.0
snomed:1918003	fma:fma14174	1.0
snomed:9379006	fma:fma75150	1.0
snomed:48557000	fma:fma5910	1.0
snomed:279442005	fma:fma277749	1.0
snomed:72579007	fma:fma25014	1.0
snomed:66418008	fma:fma66464	1.0
snomed:263415004	fma:fma37534	1.0
snomed:2848001	fma:fma70251	1.0
snomed:77172000	fma:fma46751	1.0
snomed:12461007	fma:fma64989	1.0
snomed:245074009	fma:fma318738	1.0
snomed:38067004	fma:fma83844	1.0
snomed:244291009	fma:fma69796	1.0
snomed:314306000	fma:fma70505	1.0
snomed:277909009	fma:fma44686	1.0
snomed:39680008	fma:fma78573	1.0
snomed:14742008	fma:fma55672	1.0
snomed:40245009	fma:fma258762	1.0
snomed:211534006	fma:fma312238	1.0
snomed:80243003	fma:fma284644	1.0
snomed:86064000	fma:fma5910	1.0
snomed:11146002	fma:fma9153	1.0
snomed:264196002	fma:fma55672	1.0
snomed:50534001	fma:fma5892	1.0
snomed:14892003	fma:fma77460	1.0
snomed:30930005	fma:fma75429	1.0
snomed:19465004	fma:fma75735	1.0
snomed:91189005	fma:fma55151	1.0
snomed:278347008	fma:fma6006	1.0
snomed:34918007	fma:fma269300	1.0
snomed:3093003	fma:fma67619	1.0
snomed:280903002	fma:fma62570	1.0
snomed:39607008	fma:fma55564	1.0
snomed:50862003	fma:fma67135	1.0
snomed:33437000	fma:fma20570	1.0
snomed:79495005	fma:fma256693	1.0
snomed:67833000	fma:fma46751	1.0
snomed:285564001	fma:fma15396	1.0
snomed:15054005	fma:fma20455	1.0
snomed:36405008	fma:fma82472	1.0
snomed:68809009	fma:fma5895	1.0
snomed:58501004	fma:fma277765	1.0
snomed:83382004	fma:fma69458	1.0
snomed:31934006	fma:fma67619	1.0
snomed:6538005	fma:fma76301	1.0
snomed:56323009	fma:fma32560	1.0
snomed:207065009	fma:fma78551	1.0
snomed:78376008	fma:fma65004	1.0
snomed:245260008	fma:fma78571	1.0
snomed:33917005	fma:fma321471	1.0
snomed:282044005	fma:fma66464	1.0
snomed:23226009	fma:fma55802	1.0
snomed:78066001	fma:fma258760	1.0
snomed:127870007	fma:fma82472	1.0
snomed:15665001	fma:fma32517	1.0
snomed:80877003	fma:fma46297	1.0
snomed:245277008	fma:fma276755	1.0
snomed:51005008	fma:fma15392	1.0
snomed:17505006	fma:fma84217	1.0
snomed:19594009	fma:fma82472	1.0
snomed:264438009	fma:fma19755	1.0
snomed:72372004	fma:fma82472	1.0
snomed:58508005	fma:fma65239	1.0
snomed:50783004	fma:fma39996	1.0
snomed:87216005	fma:fma63814	1.0
snomed:113275008	fma:fma44323	1.0
snomed:65780001	fma:fma272278	1.0
snomed:304925003	fma:fma322244	1.0
snomed:26013005	fma:fma62447	1.0
snomed:17847004	fma:fma13554	1.0
snomed:30547004	fma:fma32850	1.0
snomed:79822008	fma:fma65239	1.0
snomed:774020005	fma:fma38305	1.0
snomed:70162000	fma:fma8717	1.0
snomed:16050005	fma:fma71786	1.0
snomed:16178009	fma:fma78562	1.0
snomed:24996002	fma:fma82485	1.0
snomed:20346003	fma:fma51948	1.0
snomed:42352003	fma:fma49443	1.0
snomed:1627004	fma:fma44580	1.0
snomed:51461009	fma:fma67619	1.0
snomed:44980005	fma:fma80023	1.0
snomed:37181003	fma:fma83847	1.0
snomed:113186003	fma:fma67619	1.0
snomed:89037002	fma:fma12796	1.0
snomed:78247007	fma:fma7596	1.0
snomed:246001	fma:fma54602	1.0
snomed:55214000	fma:fma306412	1.0
snomed:81985002	fma:fma55425	1.0
snomed:245822007	fma:fma82472	1.0
snomed:9668006	fma:fma49150	1.0
snomed:34691003	fma:fma321707	1.0
snomed:281142008	fma:fma44872	1.0
snomed:244079007	fma:fma63885	1.0
snomed:244921005	fma:fma74779	1.0
snomed:369367005	fma:fma51312	1.0
snomed:418643001	fma:fma82472	1.0
snomed:361645003	fma:fma4745	1.0
snomed:28273000	fma:fma30320	1.0
snomed:35618004	fma:fma34686	1.0
snomed:66155000	fma:fma67619	1.0
snomed:304945006	fma:fma321708	1.0
snomed:17352004	fma:fma81494	1.0
snomed:62397004	fma:fma5901	1.0
snomed:44587000	fma:fma9151	1.0
snomed:280043005	fma:fma37489	1.0
snomed:12850009	fma:fma83857	1.0
snomed:16648001	fma:fma44872	1.0
snomed:76264001	fma:fma44580	1.0
snomed:41145006	fma:fma71817	1.0
snomed:276832000	fma:fma86140	1.0
snomed:17137000	fma:fma82594	1.0
snomed:72562001	fma:fma67957	1.0
snomed:272704004	fma:fma32821	1.0
snomed:8161005	fma:fma52727	1.0
snomed:78293005	fma:fma7146	1.0
snomed:245372004	fma:fma71843	1.0
snomed:424436005	fma:fma32426	1.0
snomed:27485007	fma:fma67619	1.0
snomed:34154005	fma:fma71903	1.0
snomed:1172006	fma:fma86143	1.0
snomed:5046008	fma:fma78204	1.0
snomed:87077004	fma:fma23962	1.0
snomed:245217004	fma:fma223255	1.0
snomed:128425006	fma:fma64989	1.0
snomed:280049009	fma:fma322132	1.0
snomed:61513003	fma:fma14197	1.0
snomed:61248009	fma:fma322273	1.0
snomed:72118004	fma:fma49688	1.0
snomed:29534007	fma:fma82472	1.0
snomed:28479003	fma:fma52870	1.0
snomed:11990006	fma:fma7407	1.0
snomed:65359009	fma:fma13270	1.0
snomed:113259005	fma:fma77125	1.0
snomed:369309006	fma:fma50081	1.0
snomed:52239003	fma:fma322183	1.0
snomed:368064004	fma:fma50723	1.0
snomed:42932006	fma:fma83930	1.0
snomed:32061006	fma:fma78561	1.0
snomed:772214001	fma:fma50586	1.0
snomed:76752008	fma:fma67135	1.0
snomed:279125005	fma:fma256693	1.0
snomed:43542009	fma:fma65523	1.0
snomed:14128009	fma:fma82485	1.0
snomed:67788009	fma:fma14065	1.0
snomed:50624003	fma:fma53470	1.0
snomed:72017006	fma:fma59016	1.0
snomed:57483003	fma:fma82494	1.0
snomed:52943005	fma:fma82472	1.0
snomed:110684000	fma:fma83840	1.0
snomed:65750006	fma:fma320423	1.0
snomed:263427001	fma:fma37650	1.0
snomed:90432007	fma:fma82472	1.0
snomed:79941007	fma:fma256693	1.0
snomed:1425000	fma:fma67619	1.0
snomed:25872004	fma:fma50392	1.0
snomed:246555003	fma:fma86140	1.0
snomed:43796006	fma:fma83854	1.0
snomed:279770008	fma:fma55425	1.0
snomed:361652001	fma:fma12532	1.0
snomed:122972007	fma:fma279937	1.0
snomed:58552002	fma:fma82500	1.0
snomed:88692004	fma:fma302988	1.0
snomed:661005	fma:fma49443	1.0
snomed:4651005	fma:fma82500	1.0
snomed:56732008	fma:fma14678	1.0
snomed:81931002	fma:fma49026	1.0
snomed:56213003	fma:fma322225	1.0
snomed:244478005	fma:fma63819	1.0
snomed:182008001	fma:fma321561	1.0
snomed:50230006	fma:fma65239	1.0
snomed:79393002	fma:fma63961	1.0
snomed:52041005	fma:fma54501	1.0
snomed:80303005	fma:fma72263	1.0
snomed:181121007	fma:fma55664	1.0
snomed:38896004	fma:fma84212	1.0
snomed:50972004	fma:fma86140	1.0
snomed:19414007	fma:fma49933	1.0
snomed:367709001	fma:fma14344	1.0
snomed:91732003	fma:fma86020	1.0
snomed:22863004	fma:fma272300	1.0
snomed:10476008	fma:fma45950	1.0
snomed:46929006	fma:fma67135	1.0
snomed:278337005	fma:fma6006	1.0
snomed:81051000	fma:fma82472	1.0
snomed:10887006	fma:fma82472	1.0
snomed:245775004	fma:fma25624	1.0
snomed:367576007	fma:fma70752	1.0
snomed:15760000	fma:fma14502	1.0
snomed:82038008	fma:fma61416	1.0
snomed:41845008	fma:fma272821	1.0
snomed:363520000	fma:fma44058	1.0
snomed:76290003	fma:fma71817	1.0
snomed:52664006	fma:fma64990	1.0
snomed:60962000	fma:fma57456	1.0
snomed:60678001	fma:fma83840	1.0
snomed:71710004	fma:fma78562	1.0
snomed:711212002	fma:fma34064	1.0
snomed:264497002	fma:fma321708	1.0
snomed:52554005	fma:fma323425	1.0
snomed:368247008	fma:fma42297	1.0
snomed:8024004	fma:fma83840	1.0
snomed:23977006	fma:fma86188	1.0
snomed:8356004	fma:fma16612	1.0
snomed:13020006	fma:fma44376	1.0
snomed:152915000	fma:fma50883	1.0
snomed:89202009	fma:fma77630	1.0
snomed:272633006	fma:fma78573	1.0
snomed:70490009	fma:fma38475	1.0
snomed:29641007	fma:fma70779	1.0
snomed:33767007	fma:fma5910	1.0
snomed:67290009	fma:fma70593	1.0
snomed:30018002	fma:fma10457	1.0
snomed:81871008	fma:fma83906	1.0
snomed:22565002	fma:fma7594	1.0
snomed:42824004	fma:fma311270	1.0
snomed:245872009	fma:fma13681	1.0
snomed:32301002	fma:fma67135	1.0
snomed:44830000	fma:fma43901	1.0
snomed:55143001	fma:fma67135	1.0
snomed:87474001	fma:fma9410	1.0
snomed:299993000	fma:fma16629	1.0
snomed:6834003	fma:fma23879	1.0
snomed:45531002	fma:fma71481	1.0
snomed:245499003	fma:fma67619	1.0
snomed:17500001	fma:fma69458	1.0
snomed:245271009	fma:fma71741	1.0
snomed:182447007	fma:fma67619	1.0
snomed:19898001	fma:fma82485	1.0
snomed:368550005	fma:fma71758	1.0
snomed:86178001	fma:fma74613	1.0
snomed:277962002	fma:fma86140	1.0
snomed:280293002	fma:fma53470	1.0
snomed:51345006	fma:fma55664	1.0
snomed:233803003	fma:fma44425	1.0
snomed:40343004	fma:fma9152	1.0
snomed:54611006	fma:fma9151	1.0
snomed:178579001	fma:fma64989	1.0
snomed:74260007	fma:fma64989	1.0
snomed:368470002	fma:fma22845	1.0
snomed:110687007	fma:fma83465	1.0
snomed:85533000	fma:fma24493	1.0
snomed:6711001	fma:fma16076	1.0
snomed:76016004	fma:fma67601	1.0
snomed:245965009	fma:fma13734	1.0
snomed:196662004	fma:fma12772	1.0
snomed:426596009	fma:fma284641	1.0
snomed:245341003	fma:fma276755	1.0
snomed:8993003	fma:fma78049	1.0
snomed:9847007	fma:fma57836	1.0
snomed:33600000	fma:fma34838	1.0
snomed:279215006	fma:fma61823	1.0
snomed:39915008	fma:fma25046	1.0
snomed:60766006	fma:fma64989	1.0
snomed:33154002	fma:fma13422	1.0
snomed:74552007	fma:fma9023	1.0
snomed:414003	fma:fma67619	1.0
snomed:85259001	fma:fma69803	1.0
snomed:312597003	fma:fma18889	1.0
snomed:310536002	fma:fma78590	1.0
snomed:8292002	fma:fma66464	1.0
snomed:245055001	fma:fma318738	1.0
snomed:88882009	fma:fma5865	1.0
snomed:361297002	fma:fma67619	1.0
snomed:280046002	fma:fma32822	1.0
snomed:371013005	fma:fma66178	1.0
snomed:9490002	fma:fma64989	1.0
snomed:76878005	fma:fma71786	1.0
snomed:28057003	fma:fma82500	1.0
snomed:421624008	fma:fma71741	1.0
snomed:59952002	fma:fma49443	1.0
snomed:18911002	fma:fma20346	1.0
snomed:30024008	fma:fma16615	1.0
snomed:422849006	fma:fma44330	1.0
snomed:51678005	fma:fma84216	1.0
snomed:43926006	fma:fma242849	1.0
snomed:12738006	fma:fma86140	1.0
snomed:22756007	fma:fma32514	1.0
snomed:66171000	fma:fma272300	1.0
snomed:74163002	fma:fma59789	1.0
snomed:65820005	fma:fma54439	1.0
snomed:40460005	fma:fma67619	1.0
snomed:22180002	fma:fma45281	1.0
snomed:280042000	fma:fma37489	1.0
snomed:61654003	fma:fma49688	1.0
snomed:113315004	fma:fma6228	1.0
snomed:144228007	fma:fma14197	1.0
snomed:16161000	fma:fma67619	1.0
snomed:91192009	fma:fma67619	1.0
snomed:21631006	fma:fma83858	1.0
snomed:37397003	fma:fma82472	1.0
snomed:5329002	fma:fma9915	1.0
snomed:279179001	fma:fma274526	1.0
snomed:866006002	fma:fma55814	1.0
snomed:48852002	fma:fma53180	1.0
snomed:36743005	fma:fma67619	1.0
snomed:82097001	fma:fma44686	1.0
snomed:180996004	fma:fma18028	1.0
snomed:9384000	fma:fma63814	1.0
snomed:3608004	fma:fma19086	1.0
snomed:70382005	fma:fma76269	1.0
snomed:360570003	fma:fma279764	1.0
snomed:10209003	fma:fma61212	1.0
snomed:263734003	fma:fma9619	1.0
snomed:263355003	fma:fma82482	1.0
snomed:53978004	fma:fma67619	1.0
snomed:74901001	fma:fma24493	1.0
snomed:14705001	fma:fma13457	1.0
snomed:71592008	fma:fma9155	1.0
snomed:68455001	fma:fma49443	1.0
snomed:49812005	fma:fma45281	1.0
snomed:16178009	fma:fma302988	1.0
snomed:83543000	fma:fma67619	1.0
